Bill,Title,Chamber,Emergency,Passed Committee,Passed Origin Chamber,Passed Both Chambers,Signed,Vetoed,Action Text
*HB1,FEED BILL,House,Yes,Yes,Yes,Yes,Yes,No,[1] HAFC-HAFC- DP - PASSED/H (54-2)- SFC-SFC- DP  [3] PASSED/S (39-0) [2] SGND BY GOV (JAN. 27) CH.  1.
HB2,GENERAL APPROPRIATION ACT OF 2026,House,No,Yes,Yes,Yes,No,No,[1] HAFC-HAFC [5] DNP-CS/DP - PASSED/H (55-15) [7] SFC-SFC [12] DP/A  [14] PASSED/S (23-16) [12] H/CNCRD
HB3,DEPT. OF TRANSPORTATION ACT OF 2026,House,No,Yes,No,No,No,No,[1] HTPWC/HAFC-HTPWC [2] DP/A-HAFC [5] (SUCCEEDING ENTRIES: H 2).
HB4,HEALTH CARE AFFORDABILITY FUND DISTRIBUTIONS,House,No,Yes,Yes,Yes,No,No,[1] HHHC/HAFC-HHHC [2] DP-HAFC [7] DNP-CS/DP - PASSED/H (48-19) [12] SFC-SFC [14] DP/A  [17] PASSED/S (24-12)- H/CNCRD
HB5,JUVENILE JUSTICE CHANGES,House,No,No,No,No,No,No,[5] NOT PRNTD-HRC
HB6,"PUBLIC PEACE, HEALTH, SAFETY & WELFARE",House,No,No,No,No,No,No,[5] NOT PRNTD-HRC
HB7,APPRENTICESHIP ASSISTANCE ACT TRANSFERS,House,No,Yes,Yes,Yes,No,No,HPREF [1] HLVMC/HAFC-HLVMC- DP-HAFC [7] DP - PASSED/H (65-2) [12] SFC-SFC [16] DP  [17] PASSED/S (29-8)
HB8,HIGHER ED. MAJOR PROJECTS FUND,House,No,Yes,Yes,Yes,No,No,[3] HAFC-HAFC [5] DP/A  [6] PASSED/H (45-23) [8] SEC/SFC-SEC [10] DP-SFC [16] DP/A  [17] PASSED/S (38-0)- H/CNCRD
HB9,IMMIGRANT SAFETY ACT,House,No,Yes,Yes,Yes,Yes,No,[1] HCPAC/HJC-HCPAC- DP-HJC [3] DP/A - PASSED/H (40-29) [5] SJC-SJC [6] DP  [7] PASSED/S (24-15) [6] SGND BY GOV (FEB. 5) CH.  5.
HB10,PHYSICIAN ASSISTANT INTERSTATE COMPACT,House,No,Yes,Yes,No,No,No,HPREF [1] HHHC/HJC-HHHC- DP-HJC [2] DNP-CS/DP - PASSED/H (68-0) [5] SHPAC/SJC-SHPAC [12] DP/A-SJC
HB11,AUDIOLOGY & SPEECH-LANGUAGE PATHOLOGY COMPACT,House,No,Yes,Yes,No,No,No,HPREF [1] HHHC/HJC-HHHC- DP-HJC [2] DNP-CS/DP - PASSED/H (67-0) [5] SHPAC/SJC-SHPAC
HB12,PHYSICAL THERAPY LICENSURE COMPACT,House,No,Yes,Yes,No,No,No,HPREF [1] HHHC/HJC-HHHC- DP-HJC [2] DNP-CS/DP - PASSED/H (67-0) [5] SHPAC/SJC-SHPAC [12] DP/A-SJC
HB13,OCCUPATIONAL THERAPY LICENSURE COMPACT,House,No,Yes,Yes,No,No,No,HPREF [1] HHHC/HJC-HHHC- DP-HJC [2] DNP-CS/DP - PASSED/H (68-0) [5] SHPAC/SJC-SHPAC [14] DP/A-SJC
HB14,DENTIST & DENTAL HYGIENIST COMPACT,House,No,Yes,Yes,No,No,No,HPREF [1] HHHC/HJC-HHHC- DP-HJC [2] DNP-CS/DP - PASSED/H (67-0) [5] SHPAC/SJC-SHPAC [14] DP/A-SJC
HB15,MEDICAL INJURY COLLABORATIVE RESOLUTION ACT,House,No,Yes,No,No,No,No,[1] NOT PRNTD-HRC [4] W/DRN-PRNTD-REF- HCPAC/HHHC-HCPAC- REF HCPAC/HJC-HCPAC [5] DP-HJC
HB16,"PUBLIC PEACE, HEALTH, SAFETY & WELFARE",House,No,No,No,No,No,No,[5] NOT PRNTD-HRC
HB17,ACCESSORY DWELLING UNITS IN CERTAIN AREAS,House,No,No,No,No,No,No,[2] HCEDC/HGEIC-HCEDC
HB18,"PUBLIC PEACE, HEALTH, SAFETY & WELFARE",House,No,No,No,No,No,No,[5] NOT PRNTD-HRC
HB19,"PUBLIC PEACE, HEALTH, SAFETY & WELFARE",House,No,No,No,No,No,No,[5] NOT PRNTD-HRC
HB20,NATIVE AMERICAN DESIGNATION ON LICENSES,House,No,Yes,Yes,No,No,No,[3] HCPAC/HGEIC-HCPAC [6] DP-HGEIC [7] DP  [9] PASSED/H (66-3) [13] STBTC-STBTC [16] DP
HB21,LAND GRANT-MERCED ACEQUIA INFRASTRUCTURE ACT,House,No,Yes,No,No,No,No,HPREF [1] HRDLC/HTRC-HRDLC [2] DP/A-HTRC
HB22,DISTRIBUTION OF SENSITIVE AND DEEPFAKE IMAGES,House,No,No,No,No,No,No,HPREF [1] NOT PRNTD-HRC
HB23,PROHIBITING NONFUNCTIONAL TURF INSTALLATION,House,No,No,No,No,No,No,HPREF [1] NOT PRNTD-HRC
HB24,PROFESSIONAL RECRUITMENT AND RETENTION ACT,House,No,Yes,No,No,No,No,HPREF [1] HGEIC/HAFC-HGEIC- DP/A-HAFC
HB25,JUVENILE FIREARM USE AND BACKGROUND CHECKS,House,No,No,No,No,No,No,HPREF [1] NOT PRNTD-HRC- W/DRN-PRNTD-REF- HCPAC/HJC-HCPAC
HB26,PROHIBITING BOOK BANNING AT PUBLIC LIBRARIES,House,No,No,No,No,No,No,HPREF [1] NOT PRNTD-HRC
HB27,TECHNOLOGY JOBS R&D TAX CREDIT EXPANSION,House,No,Yes,No,No,No,No,HPREF [1] HCEDC/HTRC-HCEDC [3] DNP-CS/DP-HTRC
HB28,ARTIFICIAL INTELLIGENCE TRANSPARENCY ACT,House,No,No,No,No,No,No,HPREF [1] NOT PRNTD-HRC
HB29,MILITARY BASE IMPACT FUNDING,House,No,Yes,No,No,No,No,HPREF [1] HLVMC/HAFC-HLVMC [5] DP-HAFC
HB30,TEACHER RESIDENCY ACT CHANGES,House,No,Yes,Yes,Yes,No,No,HPREF [1] NOT PRNTD-HRC [2] W/DRN-PRNTD-REF- HEC/HGEIC-HEC [3] DP-HGEIC [5] DP  [6] PASSED/H (67-0) [8] SRC/SEC-SRC [10] W/DRN-SEC [12] DP  [16] PASSED/S (39-0)
HB31,EMS PERSONNEL LICENSURE INTERSTATE COMPACT,House,No,Yes,Yes,No,No,No,HPREF [1] HHHC/HJC-HHHC- DP-HJC [2] DNP-CS/DP - PASSED/H (68-0) [5] SHPAC/SJC-SHPAC [14] DP/A-SJC
HB32,COUNSELING LICENSURE COMPACT,House,No,Yes,Yes,No,No,No,HPREF [1] HHHC/HJC-HHHC- DP-HJC [5] DNP-CS/DP - FL/A- PASSED/H (63-0) [7] SHPAC/SJC-SHPAC
HB33,PSYCHOLOGY INTERJURISDICTIONAL COMPACT,House,No,Yes,Yes,No,No,No,HPREF [1] HHHC/HJC-HHHC- DP-HJC [5] DNP-CS/DP - PASSED/H (64-0) [7] SHPAC/SJC-SHPAC [14] DP/A-SJC
HB34,SCHOOL NURSE LICENSURE PROVISIONS,House,No,Yes,Yes,No,No,No,HPREF [1] NOT PRNTD-HRC- W/DRN-PRNTD-REF- HHHC/HEC-HHHC [2] DP/A-HEC [3] DP  [5] PASSED/H (67-0) [7] SEC/SHPAC-SEC- DP-SHPAC [12] DP
HB35,LOBBYING ACTIVITY REPORTS,House,No,No,No,No,No,No,HPREF [1] NOT PRNTD-HRC
HB36,ACCESSIBILITY ACT & OFFICE,House,No,No,No,No,No,No,HPREF [1] NOT PRNTD-HRC
HB37,MAN-MADE WATER INFRASTRUCTURE FAILURE,House,No,No,No,No,No,No,HPREF [1] HAAWC/HTRC-HAAWC
HB38,WHEELCHAIR INSURANCE COVERAGE,House,No,Yes,Yes,No,No,No,HPREF [1] NOT PRNTD-HRC [2] W/DRN-PRNTD-REF- HHHC/HJC-HHHC [6] DNP-CS/DP-HJC- DP  [7] W/DRN H/CALENDAR- RE-REF-- HHHC-HHHC [8] DNP-CS/DP  [9] PASSED/H (68-0) [13] STBTC-STBTC [16] DP
HB39,CRIME OF TICKET SCALPING,House,No,No,No,No,No,No,HPREF [1] NOT PRNTD-HRC
HB40,TEMPORARY ERB MEMBER PAYMENT,House,No,Yes,No,No,No,No,HPREF [1] HEC/HAFC-HEC [2] DP-HAFC
HB41,TEMPORARY PERA MEMBER PAYMENT,House,No,Yes,No,No,No,No,HPREF [1] HGEIC/HAFC-HGEIC- DP-HAFC
HB42,FROZEN FOOD FOR CERTAIN COMMUNITIES,House,No,Yes,No,No,No,No,HPREF [1] HHHC/HAFC-HHHC [2] DP-HAFC
HB43,DISABILITY & SURVIVOR PENSIONS CHANGES,House,No,Yes,Yes,No,No,No,HPREF [1] NOT PRNTD-HRC- W/DRN-PRNTD-REF- HLVMC/HGEIC-HLVMC [3] DP-HGEIC [5] DP  [6] PASSED/H (65-0) [10] SHPAC-SHPAC [14] DP
HB44,DENTAL & DENTAL HYGIENIST COMPACT,House,No,No,No,No,No,No,HPREF [1] HHHC/HJC-HHHC
HB45,PHYSICIAN ASSISTANT LICENSURE COMPACT,House,No,No,No,No,No,No,HPREF [1] HHHC/HJC-HHHC
HB46,CRIME OF DIGITAL SABOTAGE OF A BUSINESS,House,No,No,No,No,No,No,HPREF [1] NOT PRNTD-HRC
HB47,SCHOOL EMPLOYEE INSURANCE PROGRAMS,House,No,Yes,Yes,Yes,No,No,HPREF [1] HEC/HAFC-HEC- DP/A-HAFC [6] DNP-CS/DP  [7] PASSED/H (61-0) [10] SEC-SEC [14] DP  [17] PASSED/S (36-0)
HB48,NM TECH SEISMOLOGY EQUIPMENT,House,No,Yes,No,No,No,No,HPREF [1] HEC/HAFC-HEC- DP-HAFC
HB49,INCREASE FELON FIREARM PENALTY,House,No,Yes,Yes,No,No,No,HPREF [1] HCPAC/HJC-HCPAC [3] DNP-CS/DP-HJC [6] DP/A - PASSED/H (54-9) [10] SJC/SFC-SJC
HB50,SOCIAL WORK LICENSURE INTERSTATE COMPACT,House,No,Yes,Yes,Yes,Yes,No,HPREF [1] HHHC/HJC-HHHC- DP-HJC [2] DP - PASSED/H (66-0) [5] SJC-SJC [6] DP  [7] PASSED/S (37-0) [6] SGND BY GOV (FEB. 9) CH.  6.
HB51,SPAY & NEUTER FEE DELAYED REPEAL,House,No,No,No,No,No,No,HPREF [1] NOT PRNTD-HRC
HB52,CRIMINAL COMPETENCY STATUTE CROSS REFERENCES,House,No,Yes,No,No,No,No,HPREF [1] NOT PRNTD-HRC [2] W/DRN-PRNTD-REF- HCPAC/HJC-HCPAC [6] DP-HJC
HB53,NM IRELAND TRADE COMMISSION,House,No,No,No,No,No,No,HPREF [1] NOT PRNTD-HRC
HB54,PROTESTS ON WATER REPLACEMENT WELLS,House,No,No,No,No,No,No,HPREF [1] NOT PRNTD-HRC
HB55,1ST RESPONDER RETIREMENT TAX DEDUCTION,House,No,Yes,No,No,No,No,HPREF [1] HLVMC/HTRC-HLVMC [2] DP-HTRC
HB56,VETERAN BEHAVIORAL HEALTH SERVICES,House,No,Yes,No,No,No,No,HPREF [1] HLVMC/HAFC-HLVMC [2] DP-HAFC
HB57,TRAFFIC OFFENSE VIDEO TESTIMONY,House,No,No,No,No,No,No,HPREF [1] NOT PRNTD-HRC [2] W/DRN-PRNTD-REF- HCPAC/HJC-HCPAC [6] W/O REC-HJC
HB58,TELEPHONE CRIMES,House,No,Yes,No,No,No,No,HPREF [1] NOT PRNTD-HRC [2] W/DRN-PRNTD-REF- HCPAC/HJC-HCPAC [6] DP-HJC
HB59,INCREASE PENALTY FOR CERTAIN DEATHS,House,No,No,No,No,No,No,HPREF [1] NOT PRNTD-HRC [2] W/DRN-PRNTD-REF- HCPAC/HJC-HCPAC
HB60,REVISE CERTAIN CRIMINAL OFFENSE DEFINITIONS,House,No,Yes,Yes,No,No,No,HPREF [1] NOT PRNTD-HRC [2] W/DRN-PRNTD-REF- HCPAC/HJC-HCPAC [3] DP-HJC [6] DP  [7] PASSED/H (59-5) [10] SJC-SJC
HB61,AGGRAVATED BATTERY ON POLICE OFFICER,House,No,Yes,Yes,Yes,No,No,HPREF [1] HCPAC/HJC-HCPAC [2] DP-HJC [5] DP  [6] PASSED/H (55-11) [10] SJC-SJC [14] DP  [17] PASSED/S (37-0)
HB62,RENAME & CREATE GEOTHERMAL TAX CREDITS,House,No,Yes,No,No,No,No,HPREF [1] HENRC/HTRC-HENRC [2] DP-HTRC
*HB63,NMFA WATER PROJECT FUND PROJECTS,House,Yes,Yes,Yes,Yes,No,No,HPREF [1] HAAWC/HAFC-HAAWC [2] DP-HAFC [6] DP  [7] PASSED/H (66-0) [12] SCONC-SCONC- DP  [14] PASSED/S (39-0)
HB64,PUBLIC PROJECT REVOLVING FUND APPROPRIATIONS,House,No,Yes,Yes,Yes,No,No,HPREF [1] HRDLC/HAFC-HRDLC [3] DP-HAFC [6] DP  [7] PASSED/H (67-0) [12] SFC-SFC [14] DP  [16] PASSED/S (41-0)
HB65,CYFD SHORT-TERM STABILIZATION PILOT PGM,House,No,Yes,Yes,No,No,No,HPREF [1] NOT PRNTD-HRC [2] W/DRN-PRNTD-REF- HHHC/HAFC-HHHC [5] DNP-CS/DP-HAFC [7] DP/A  [9] PASSED/H (65-0) [13] SHPAC-SHPAC [14] DP
HB66,HEALTH CARE PROFESSIONAL LOAN FUND CHANGES,House,No,Yes,Yes,Yes,No,No,HPREF [2] NOT PRNTD-HRC [4] W/DRN-PRNTD-REF- HHHC/HAFC-HHHC [6] DNP-CS/DP-HAFC [7] DP/A  [9] PASSED/H (69-0) [13] SHPAC-SHPAC [14] DP  [16] PASSED/S (40-0)
HB67,RESTRAINING ORDERS & FIREARMS,House,No,No,No,No,No,No,HPREF [1] NOT PRNTD-HRC
HB68,HEALTH CARE RECRUITMENT PROGRAM FUNDING,House,No,Yes,No,No,No,No,HPREF [1] HHHC/HAFC-HHHC [2] DP-HAFC
HB69,CHILDHOOD SEXUAL ABUSE STATUTE OF LIMITATIONS,House,No,No,No,No,No,No,HPREF
HB70,PRC SUPPORT AGENCY,House,No,Yes,Yes,Yes,No,No,HPREF [1] HGEIC/HJC-HGEIC [2] DP-HJC [5] DNP-CS/DP  [6] PASSED/H (66-0) [10] SRC-SRC [12] DP/A  [16] PASSED/S (36-0) [17] H/CNCRD
HB71,COUNTY & MUNICIPALITY ORDINANCE ENFORCEMENT,House,No,No,No,No,No,No,HPREF [1] NOT PRNTD-HRC
HB72,CONTROLLED SUBSTANCE MINOR DISTRIBUTION,House,No,Yes,No,No,No,No,HPREF [1] NOT PRNTD-HRC [2] W/DRN-PRNTD-REF- HHHC/HJC-HHHC [4] DP-HJC
HB73,SENTENCE DEFERMENT FOR REPEAT OFFENDER,House,No,No,No,No,No,No,HPREF [1] NOT PRNTD-HRC [2] W/DRN-PRNTD-REF- HCPAC/HJC-HCPAC
HB74,HABITUAL OFFENDER STATUTE OF LIMITATIONS,House,No,No,No,No,No,No,HPREF [1] NOT PRNTD-HRC [2] W/DRN-PRNTD-REF- HCPAC/HJC-HCPAC
HB75,ALTERATION OF SENTENCE BASED ON CIRCUMSTANCES,House,No,No,No,No,No,No,HPREF [1] NOT PRNTD-HRC [2] W/DRN-PRNTD-REF- HCPAC/HJC-HCPAC
HB76,ALTERNATIVE PLACEMENT OF YOUTH IN CUSTODY,House,No,Yes,No,No,No,No,HPREF [1] HHHC/HAFC-HHHC [2] DP-HAFC
HB77,AFFORDABLE HOUSING REVITALIZATION TAX CREDIT,House,No,Yes,No,No,No,No,HPREF [1] HCEDC/HTRC-HCEDC [4] DNP-CS/DP-HTRC
HB78,SEALED JUVENILE RECORD REFERENCES,House,No,No,No,No,No,No,HPREF [1] NOT PRNTD-HRC
HB79,EVIDENCE IN PROBATION REVOCATION,House,No,No,No,No,No,No,HPREF [1] NOT PRNTD-HRC [2] W/DRN-PRNTD-REF- HCPAC/HJC-HCPAC
HB80,OIL & GAS CONSERVATION TAX ACT CHANGES,House,No,Yes,Yes,Yes,No,No,HPREF [1] HENRC/HAFC-HENRC [2] DNP-CS/DP-HAFC [7] DP  [9] PASSED/H (63-0) [14] SFC-SFC- DP  [16] PASSED/S (38-0)
HB81,PERMITLESS CARRY OF FIREARMS,House,No,No,No,No,No,No,HPREF [1] NOT PRNTD-HRC
HB82,EXTEND TECHNOLOGY READINESS GRT CREDIT,House,No,Yes,No,No,No,No,HPREF [1] HCEDC/HTRC-HCEDC [4] DP-HTRC
HB83,PERSONAL CARE SERVICES MEDICAID REIMBURSEMENT,House,No,No,No,No,No,No,HPREF [1] NOT PRNTD-HRC
*HB84,EXPOSURE TO CERTAIN DRUGS AS CHILD ABUSE,House,Yes,No,No,No,No,No,HPREF [1] NOT PRNTD-HRC
HB85,MEDICAL PROVIDER LOAN-FOR-SERVICE PGMS,House,No,No,No,No,No,No,HPREF [1] NOT PRNTD-HRC
HB86,"CHILDREN, YOUTH AND FAMILIES COMMISSION",House,No,No,No,No,No,No,HPREF [1] NOT PRNTD-HRC
HB87,SOTERIA MODEL RESIDENTIAL TREATMENT FUNDING,House,No,Yes,No,No,No,No,HPREF [1] HHHC/HAFC-HHHC [2] DP-HAFC
HB88,LAND GRANT-MERCED ASSISTANCE FUND CHANGES,House,No,Yes,Yes,No,No,No,HPREF [1] HRDLC/HAFC-HRDLC [2] DP-HAFC [7] DP - PASSED/H (67-0) [12] SFC-SFC
HB89,COMPUTER SCIENCE TEACHER LICENSURE,House,No,No,No,No,No,No,HPREF [1] NOT PRNTD-HRC
HB90,HEALTH CARE PRECEPTOR INCOME TAX CREDIT,House,No,Yes,No,No,No,No,HPREF [1] HHHC/HTRC-HHHC [2] DNP-CS/DP-HTRC
HB91,CHANGE IN CAUSE OF DEATH DISCLOSURE EXCEPTION,House,No,No,No,No,No,No,HPREF [1] NOT PRNTD-HRC
HB92,SENIOR INCOME TAX DEDUCTION,House,No,No,No,No,No,No,HPREF [1] HCEDC/HTRC-HCEDC
HB93,STANDARD INCOME TAX DEDUCTION INCREASE,House,No,Yes,No,No,No,No,HPREF [1] HGEIC/HTRC-HGEIC [8] DP-HTRC
HB94,BOARD OF OPTOMETRY POWERS AND DUTIES,House,No,No,No,No,No,No,HPREF [1] NOT PRNTD-HRC
HB95,ADDITIONAL SECOND JUDICIAL DISTRICT JUDGESHIP,House,No,Yes,Yes,Yes,No,No,HPREF [1] HGEIC/HJC-HGEIC [2] DP-HJC [4] DP  [5] FL/A- PASSED/H (65-0) [7] SJC/SFC-SJC [13] DP/A-SFC [14] DP  [16] PASSED/S (40-0) [17] H/CNCRD
HB96,SPACE COMMISSION WORKING GROUP,House,No,Yes,Yes,Yes,No,No,HPREF [1] HCEDC/HAFC-HCEDC [3] DP-HAFC [7] DP/A - FL/A- PASSED/H (61-0) [12] SRC-SRC [16] DP/A  [17] PASSED/S (36-0)- H/CNCRD
HB97,SHAKEN BABY SYNDROME PREVENTION FUNDING,House,No,Yes,No,No,No,No,HPREF [1] HHHC/HAFC-HHHC [2] DP-HAFC
HB98,STATE EMPLOYEE SALARY & RETENTION CHANGES,House,No,No,No,No,No,No,HPREF [1] NOT PRNTD-HRC
HB99,MEDICAL MALPRACTICE CHANGES,House,No,Yes,Yes,Yes,No,No,HPREF [1] HHHC/HJC-HHHC [4] DP/A-HJC [7] DNP-CS/DP  [9] PASSED/H (66-3) [12] SJC-SJC [14] DP/A  [16] FL/A- PASSED/S (40-2)
HB100,STEM INNOVATION NETWORK FUNDING,House,No,Yes,No,No,No,No,[1] HEC/HAFC-HEC [2] DP-HAFC
*HB101,REGIONAL FARM TO FOOD BANK FUNDING,House,Yes,Yes,No,No,No,No,HPREF [1] HAAWC/HAFC-HAAWC [2] DP/A-HAFC
HB102,LEGISLATIVE COMPENSATION,House,No,No,No,No,No,No,HPREF [1] NOT PRNTD-HRC
HB103,CAP RESIDENTIAL PROPERTY TAX RATES,House,No,Yes,Yes,No,No,No,HPREF [1] HCEDC/HTRC-HCEDC [3] DP-HTRC [6] DP  [7] PASSED/H (54-10) [10] STBTC-STBTC [12] DP  [16] FAILED/S (16-26)- RCLD FRM/H.
HB104,COUNTY & TRIBAL HEALTH COUNCILS ACT FUNDING,House,No,Yes,No,No,No,No,HPREF [1] HHHC/HAFC-HHHC [2] DP-HAFC
HB105,CHILD OFFENDER COMMITMENT EXTENSIONS,House,No,No,No,No,No,No,HPREF [1] NOT PRNTD-HRC
HB106,HOME-BASED CHILD CARE INCOME TAX CREDIT,House,No,No,No,No,No,No,HPREF [1] HCEDC/HTRC-HCEDC
HB107,MEDICAL MALPRACTICE CLAIM CHANGES,House,No,No,No,No,No,No,HPREF [1] NOT PRNTD-HRC
HB108,WATERSHED DISTRICT TAXES AND DIRECTORS,House,No,Yes,Yes,No,No,No,HPREF [1] NOT PRNTD-HRC [2] W/DRN-PRNTD-REF- HAAWC/HTRC-HAAWC [3] DP/A-HTRC [6] DP  [7] PASSED/H (63-1) [12] STBTC-STBTC [16] DP
HB109,WATER PROJECT FUND CHANGES,House,No,Yes,Yes,Yes,No,No,HPREF [1] NOT PRNTD-HRC [4] W/DRN-PRNTD-REF- HAAWC/HGEIC-HAAWC [5] DP/A-HGEIC [6] DP - PASSED/H (61-0) [10] SCONC-SCONC [12] DP  [14] PASSED/S (42-0)
HB110,HOUSING DEVELOPMENT DATA REPORTING,House,No,Yes,No,No,No,No,HPREF [1] HGEIC/HRDLC-HGEIC [2] W/DRN-PRNTD-REF- HRDLC/HGEIC-HRDLC [5] DNP-CS/DP-HGEIC
HB111,WATER LAW VIOLATION MAXIMUM PENALTY,House,No,Yes,Yes,Yes,No,No,[1] HAAWC/HJC-HAAWC [2] DP-HJC [4] DP  [7] PASSED/H (51-3) [12] SCONC-SCONC- DP  [14] PASSED/S (39-3)
HB112,DAYLIGHT SAVING TIME YEAR-ROUND,House,No,No,No,No,No,No,[1] NOT PRNTD-HRC
HB113,RENEWABLE ENERGY PRODUCTION TAX ACT,House,No,No,No,No,No,No,[1] HENRC/HTRC-HENRC
HB114,EXPAND DOUBLE UP FOOD BUCKS PGM,House,No,Yes,No,No,No,No,[1] HHHC/HAFC-HHHC [2] DP-HAFC
HB115,PROTECTIONS FOR NURSES INVOKING SAFE HARBOR,House,No,No,No,No,No,No,[1] NOT PRNTD-HRC
HB116,BILINGUAL MULTICULTURAL EDUCATION ACT CHANGES,House,No,No,No,No,No,No,[1] NOT PRNTD-HRC
HB117,HIGHER ED DEMOGRAPHIC DATA REPORTING,House,No,No,No,No,No,No,[1] NOT PRNTD-HRC
HB118,BILITERACY DEVELOPMENT AND TRAINING PROJECT,House,No,No,No,No,No,No,[1] NOT PRNTD-HRC
HB119,BILINGUAL LICENSE ENDORSEMENT PGM UNITS,House,No,No,No,No,No,No,[1] NOT PRNTD-HRC
HB120,LIMITING STUDENT RESTRAINT & SECLUSION,House,No,Yes,Yes,No,No,No,[1] NOT PRNTD-HRC [2] W/DRN-PRNTD-REF- HEC/HJC-HEC [4] DP-HJC [6] DP  [7] FL/A- PASSED/H (40-23) [10] SEC/SJC-SEC [12] DP-SJC [17] DP
HB121,STATE INVESTMENT OFFICER AND FUND CHANGES,House,No,No,No,No,No,No,[1] NOT PRNTD-HRC
HB122,EXPAND LIMITATION ON MUNICIPAL ANNEXATION,House,No,No,No,No,No,No,[1] NOT PRNTD-HRC
HB123,STATE AND FED SCHOOL GRANT PGMS,House,No,No,No,No,No,No,[1] NOT PRNTD-HRC
HB124,NEW AMERICANS DIVISION IN WSD,House,No,Yes,Yes,Yes,No,No,[1] NOT PRNTD-HRC [4] W/DRN-PRNTD-REF- HCPAC/HGEIC-HCPAC [5] DP-HGEIC [6] DP - PASSED/H (40-21) [10] SRC/SFC-SRC [12] DP-SFC [14] DP  [17] PASSED/S (22-12)
HB125,DELINQUENCY ACT CHANGES,House,No,No,No,No,No,No,[1] NOT PRNTD-HRC [5] W/DRN-PRNTD-REF- HCPAC/HJC-HCPAC
HB126,PROHIBIT NONDISCLOSURE & NONDISPARAGEMENT,House,No,No,No,No,No,No,[1] NOT PRNTD-HRC
HB127,MEDICAL BOARD EXPEDITED LICENSURE,House,No,Yes,Yes,No,No,No,[1] NOT PRNTD-HRC [2] W/DRN-PRNTD-REF- HHHC/HJC-HHHC [5] DP/A-HJC [6] DP  [7] PASSED/H (62-0) [10] SHPAC-SHPAC [14] DP
HB128,FIREFIGHTER OCCUPATIONAL DISEASE DISABLEMENT,House,No,Yes,Yes,Yes,No,No,[1] NOT PRNTD-HRC [4] W/DRN-PRNTD-REF- HHHC/HLVMC-HHHC [5] DP-HLVMC [6] DP - PASSED/H (61-1) [10] SHPAC-SHPAC [14] DP  [16] PASSED/S (39-0)
HB129,HEALTH CARE PROVIDER COVERAGE,House,No,No,No,No,No,No,[1] NOT PRNTD-HRC
HB130,CYFD DOMESTIC VIOLENCE PGMS FUNDING,House,No,Yes,No,No,No,No,[1] HHHC/HAFC-HHHC [2] DP-HAFC
HB131,PLANNING BUREAU IN EDD,House,No,No,No,No,No,No,[1] NOT PRNTD-HRC
HB132,POLICE OFFICER WORKERS COMP CONDITIONS,House,No,Yes,Yes,No,No,No,[1] NOT PRNTD-HRC [4] W/DRN-PRNTD-REF- HLVMC/HHHC-HLVMC [8] DP/A-HHHC [10] DP  [12] PASSED/H (65-0) [16] SJC-SJC
HB133,GENERAL APPROPRIATION ACT OF 2026,House,No,No,No,No,No,No,[1] HAFC-HAFC
HB134,UNLAWFUL INSTALL OF GPS SYSTEM,House,No,No,No,No,No,No,[1] NOT PRNTD-HRC
HB135,ELECTION NOMINATING PETITION CHANGES,House,No,No,No,No,No,No,[1] NOT PRNTD-HRC
HB136,HEALTH INSURANCE CREDENTIALING,House,No,No,No,No,No,No,[1] NOT PRNTD-HRC
HB137,STOCKING OF CERTAIN DRUGS IN PHARMACIES,House,No,Yes,No,No,No,No,[1] NOT PRNTD-HRC [4] W/DRN-PRNTD-REF- HHHC/HAFC-HHHC [5] DNP-CS/DP-HAFC
HB138,ZONING LOT SIZE REQUIREMENTS,House,No,No,No,No,No,No,[1] HCEDC/HGEIC-HCEDC [2] REF HRC-HRC
HB139,NM HOUSING TRUST FUND,House,No,Yes,No,No,No,No,[1] HGEIC/HAFC-HGEIC [2] DP-HAFC
HB140,AFFORDABLE HOUSING ACT OVERSIGHT DUTIES,House,No,Yes,No,No,No,No,[1] HGEIC/HAFC-HGEIC [2] DP-HAFC
HB141,ARTIFICIAL INTELLIGENCE ACCOUNTABILITY ACT,House,No,No,No,No,No,No,[1] NOT PRNTD-HRC
HB142,RURAL HEALTH CARE TAX CREDIT CHANGES,House,No,Yes,No,No,No,No,[1] HHHC/HTRC-HHHC [2] DP-HTRC
HB143,HEALTH CARE CHANGES,House,No,No,No,No,No,No,[1] NOT PRNTD-HRC
HB144,CRIME OF UNLAWFUL SQUATTING,House,No,No,No,No,No,No,[1] NOT PRNTD-HRC
HB145,HIGH-WAGE JOB TAX CREDIT DATES,House,No,Yes,No,No,No,No,[1] HCEDC/HTRC-HCEDC [5] DP-HTRC [6] DP
HB146,FELON IN POSSESSION OF FIREARM PENALTY,House,No,No,No,No,No,No,[1] NOT PRNTD-HRC [2] W/DRN-PRNTD-REF- HCPAC/HJC-HCPAC
HB147,POSTING OF NOTICES OF HUMAN TRAFFICKING,House,No,No,No,No,No,No,[1] NOT PRNTD-HRC
*HB148,PROPERTY TAX AFFIDAVITS,House,Yes,No,No,No,No,No,[2] NOT PRNTD-HRC- W/DRN-PRNTD-REF- HCEDC/HTRC-HCEDC
HB149,CHARTER SCHOOLS & NMFA,House,No,No,No,No,No,No,[2] NOT PRNTD-HRC [7] W/DRN-PRNTD-REF- HAFC-HAFC
HB150,SUPERVISION OF PHYSICIAN ASSISTANTS,House,No,No,No,No,No,No,[2] NOT PRNTD-HRC
HB151,CHILDHOOD SEXUAL ABUSE STATUTE OF LIMITATIONS,House,No,Yes,No,No,No,No,[2] HHHC/HJC-HHHC- REF HJC/HAFC-HJC [6] DNP-CS/DP-HAFC
HB152,ENVIRONMENTAL PRODUCT DECLARATION ACT,House,No,No,No,No,No,No,[2] NOT PRNTD-HRC
HB153,LOW-CARBON CONSTRUCTION MATERIAL REBATE ACT,House,No,Yes,Yes,Yes,No,No,[2] HENRC/HAFC-HENRC [5] DNP-CS/DP-HAFC [9] DNP-CS/DP - PASSED/H (48-15) [14] SCONC-SCONC [16] DP  [17] PASSED/S (30-6)
HB154,ADVANCED ENERGY PRODUCT DEFINITION,House,No,Yes,Yes,Yes,No,No,[2] HENRC/HTRC-HENRC [5] DP-HTRC [6] DP  [7] PASSED/H (59-5) [10] STBTC-STBTC [12] DP  [16] PASSED/S (36-6)
HB155,"FIREWORKS BANS, VIOLATIONS & FINES",House,No,No,No,No,No,No,[2] NOT PRNTD-HRC
HB156,REPEAL SPECIAL SESSION VACCINATION LAWS,House,No,Yes,Yes,Yes,No,No,[2] HCPAC/HHHC-HCPAC [3] DP-HHHC [5] DP  [6] FL/A- PASSED/H (51-14) [10] SHPAC-SHPAC [14] DP  [17] PASSED/S (38-1)
HB157,PREGNANCY & PARENTING RESOURCE WEBSITE,House,No,No,No,No,No,No,[2] HHHC/HAFC-HHHC
HB158,PLANS ON USE OF CERTAIN FUNDS,House,No,Yes,Yes,No,No,No,[2] HRDLC/HAFC-HRDLC [3] DP-HAFC [6] DP/A - PASSED/H (63-0) [10] SFC-SFC [14] DP
HB159,K-12 STUDENT MENTAL HEALTH PLATFORM,House,No,No,No,No,No,No,[2] HEC/HAFC-HEC
HB160,CREATE ALL CITIES & COUNTIES FUND,House,No,Yes,No,No,No,No,[2] HGEIC/HTRC-HGEIC [4] DP-HTRC
HB161,CHANGE K-12 PROGRAM UNIT CALCULATION,House,No,No,No,No,No,No,[2] HEC/HAFC-HEC
HB162,MOTOR VEHICLE CRIMES & PENALTIES,House,No,No,No,No,No,No,[2] NOT PRNTD-HRC
HB163,DENIAL OF BAIL FOR CERTAIN OFFENSES,House,No,No,No,No,No,No,[2] NOT PRNTD-HRC
HB164,LOBBYING ACTIVITY REPORTS,House,No,Yes,No,No,No,No,[2] HGEIC/HJC-HGEIC [3] DP-HJC [6] DNP-CS/DP  [9] FAILED/H (32-32).
HB165,PAYMENT OF CERTAIN IRB SPECIAL ASSESSMENTS,House,No,Yes,Yes,Yes,No,No,[2] NOT PRNTD-HRC- W/DRN-PRNTD-REF- HGEIC/HJC-HGEIC [4] DP-HJC [6] DP  [7] PASSED/H (67-0) [12] STBTC-STBTC- DP  [16] PASSED/S (30-0)
HB166,LIMIT RESTRICTIONS ON CERTAIN FENCES,House,No,Yes,Yes,No,No,No,[2] NOT PRNTD-HRC [4] W/DRN-PRNTD-REF- HCPAC/HGEIC-HCPAC [6] DP-HGEIC [7] DP  [8] FL/A- PASSED/H (48-16) [12] SJC-SJC
HB167,NOTICE OF SALE OF MOBILE HOME PARKS,House,No,No,No,No,No,No,[2] NOT PRNTD-HRC
HB168,NEW HOMES FOR NEW MEXICO PROGRAM,House,No,No,No,No,No,No,[2] NOT PRNTD-HRC [4] W/DRN-PRNTD-REF- HRDLC/HAFC-HRDLC
HB169,UNM DEPT. OF CHICANA & CHICANO STUDIES,House,No,No,No,No,No,No,[2] HEC/HAFC-HEC
HB170,UNM BASIC NEEDS PROJECT,House,No,Yes,No,No,No,No,[2] HEC/HAFC-HEC [4] DP-HAFC
HB171,WILDFIRE FUND ACT,House,No,No,No,No,No,No,[2] NOT PRNTD-HRC
*HB172,SAFE STAFFING ACT & NURSING HOMES,House,Yes,No,No,No,No,No,[2] NOT PRNTD-HRC
HB173,DEMENTIA CARE SPECIALIST PROGRAM,House,No,No,No,No,No,No,[2] NOT PRNTD-HRC
HB174,CHATBOT SAFETY ACT,House,No,No,No,No,No,No,[2] NOT PRNTD-HRC
HB175,REPORTING ON SCHOOL BUS DATA,House,No,No,No,No,No,No,[2] NOT PRNTD-HRC
HB176,CREATE ZERO INTEREST DOWN PAYMENT LOAN FUND,House,No,No,No,No,No,No,[2] HCEDC/HAFC-HCEDC
HB177,VETERAN SERVICE ANIMAL SERVICES & SHELTER,House,No,Yes,No,No,No,No,[2] HLVMC/HAFC-HLVMC [3] DP-HAFC
HB178,SUN SHADES FOR RURAL PARKS & RECREATION,House,No,Yes,No,No,No,No,[2] HHHC/HAFC-HHHC [6] DNP-CS/DP-HAFC
HB179,SEALED JUVENILE RECORD & PRETRIAL DETENTION,House,No,No,No,No,No,No,[2] NOT PRNTD-HRC
HB180,USE OF EMERGENCY FUNDS & DISASTERS,House,No,Yes,Yes,Yes,No,No,[2] HGEIC/HAFC-HGEIC [3] DP-HAFC [6] DNP-CS/DP - PASSED/H (65-0) [10] SFC-SFC [14] DP/A  [16] PASSED/S (41-0) [17] H/CNCRD
HB181,REPORTING ON CHILDREN STAYING IN CYFD OFFICES,House,No,Yes,No,No,No,No,[2] HHHC/HAFC-HHHC [4] DP-HAFC
HB182,VIOLATION OF CURFEW AS DELINQUENT ACT,House,No,No,No,No,No,No,[2] NOT PRNTD-HRC
HB183,STATEWIDE DRINKING WATER NEEDS,House,No,Yes,No,No,No,No,[2] HAAWC/HAFC-HAAWC [3] DP-HAFC
HB184,INVESTMENT OF CONSERVATION & LEGACY FUNDS,House,No,Yes,Yes,Yes,No,No,[2] HENRC/HAFC-HENRC [5] DP/A-HAFC [6] DP  [7] PASSED/H (67-0) [12] SFC-SFC [14] DP  [17] PASSED/S (25-11)
HB185,PED SECRETARY & LOCAL SCHOOL BOARD MEMBERS,House,No,Yes,No,No,No,No,[2] NOT PRNTD-HRC [4] W/DRN-PRNTD-REF- HEC/HGEIC-HEC [6] DP-HGEIC
HB186,TAX CREDIT FOR CONVEYANCE OF PROPERTY,House,No,Yes,No,No,No,No,[2] HCEDC/HTRC-HCEDC [6] DP-HTRC
*HB187,RURAL HOSPITAL MALPRACTICE LIABILITY INS. ACT,House,Yes,No,No,No,No,No,[2] NOT PRNTD-HRC
HB188,REMOVAL OF HAZARDS ON ROADS,House,No,No,No,No,No,No,[2] NOT PRNTD-HRC
HB189,CYFD SUPPORT & SERVICES TO LGBTQ+ FAMILIES,House,No,No,No,No,No,No,[2] HHHC/HAFC-HHHC
HB190,HOMELESSNESS SERVICES FOR LGBTQ+,House,No,No,No,No,No,No,[2] HHHC/HAFC-HHHC
HB191,PED SERVICES FOR LGBTQ+,House,No,No,No,No,No,No,[2] HEC/HAFC-HEC
HB192,NO FOREIGN CORPORATION PURCHASE OF HOMES,House,No,No,No,No,No,No,[2] NOT PRNTD-HRC
HB193,SCHOLARSHIPS FOR PRIVATE ED & TAX CREDITS,House,No,No,No,No,No,No,[2] HEC/HTRC-HEC
HB194,EXPAND METRO REDEVELOPMENT CODE & PROJECTS,House,No,No,No,No,No,No,[2] NOT PRNTD-HRC [4] W/DRN-PRNTD-REF- HRDLC/HTRC-HRDLC
HB195,COLLECTION OF MEDICAL MALPRACTICE JUDGEMENTS,House,No,Yes,Yes,No,No,No,[2] NOT PRNTD-HRC [6] W/DRN-PRNTD-REF- HHHC/HJC-HHHC- DNP-CS/DP-HJC [9] DP/A  [10] PASSED/H (66-0) [14] SJC-SJC
HB196,PENALTY FOR RECEIVING STOLEN FIREARM,House,No,No,No,No,No,No,[2] HCPAC/HJC-HCPAC
HB197,INCREASE PENALTY FOR LARCENY OF FIREARM,House,No,No,No,No,No,No,[2] HCPAC/HJC-HCPAC
HB198,BEHAVIORAL HEALTH & FIRST RESPONDER TRAINING,House,No,No,No,No,No,No,[2] HHHC/HAFC-HHHC [6] W/O REC-HAFC
HB199,SEX OFFENDER REGISTRATION & FEDERAL LAW,House,No,Yes,No,No,No,No,[2] NOT PRNTD-HRC [6] W/DRN-PRNTD-REF- HCPAC/HJC-HCPAC [8] DNP-CS/DP-HJC
HB200,NEW HOMES FOR NEW MEXICO PROGRAM,House,No,Yes,Yes,No,No,No,[2] HCEDC/HAFC-HCEDC [5] DP/A-HAFC [6] DP/A  [7] PASSED/H (52-15) [12] STBTC-STBTC [16] DP
HB201,IPRA TASK FORCE FUNDING,House,No,Yes,No,No,No,No,[2] HJC/HAFC-HJC [5] DP/A-HAFC
HB202,CHILD ADVOCATE OFFICE DATA SHARING,House,No,Yes,No,No,No,No,[2] HHHC/HAFC-HHHC [6] DP-HAFC
HB203,SPACEPORT AUTHORITY BOARD MEMBERS,House,No,No,No,No,No,No,[2] NOT PRNTD-HRC
HB204,WILDFIRE RISK INSURANCE MODELS & UNDERWRITING,House,No,No,No,No,No,No,[2] NOT PRNTD-HRC
HB205,SCHOOL TEACHER PROFESSIONAL DEVELOPMENT,House,No,No,No,No,No,No,[2] HEC/HAFC-HEC
HB206,CRIME VICTIM REPARATION ADDITIONAL CRIMES,House,No,Yes,Yes,No,No,No,[2] HCPAC/HJC-HCPAC [6] DP-HJC [7] DP  [9] PASSED/H (63-0) [14] SJC-SJC
HB207,WATER QUALITY COMMISSION PRODUCED WATER RULES,House,No,No,No,No,No,No,[2] NOT PRNTD-HRC [4] W/DRN-PRNTD-REF- HAAWC/HGEIC-HAAWC
*HB208,LAW ENFORCEMENT ID AND CONCEALING IDENTITY,House,Yes,No,No,No,No,No,[2] NOT PRNTD-HRC
HB209,FIREFIGHTER NO-COST CANCER SCREENING,House,No,No,No,No,No,No,[2] NOT PRNTD-HRC
HB210,HEALTH INFO EXCHANGE INFO SHARING,House,No,Yes,No,No,No,No,[2] HHHC/HAFC-HHHC [4] DP-HAFC
HB211,SPEECH-LANGUAGE PATHOLOGY LICENSE,House,No,No,No,No,No,No,[2] NOT PRNTD-HRC
HB212,VOICE & VISUAL LIKENESS RIGHTS ACT,House,No,No,No,No,No,No,[2] NOT PRNTD-HRC
HB213,EXPAND OPTOMETRY ACT,House,No,Yes,Yes,No,No,No,[2] HHHC/HJC-HHHC [5] DNP-CS/DP-HJC [7] DP/A  [9] PASSED/H (56-10) [13] SJC-SJC
HB214,CONSUMER INFORMATION AND DATA PROTECTION ACT,House,No,No,No,No,No,No,[3] NOT PRNTD-HRC
HB215,OFF-HIGHWAY VEHICLE OPERATING AUTHORIZATION,House,No,No,No,No,No,No,[3] NOT PRNTD-HRC
HB216,OFF-HIGHWAY MOTOR VEHICLE ACT CHANGES,House,No,No,No,No,No,No,[3] NOT PRNTD-HRC
HB217,WESTERN NM UNIVERSITY DIGITIZATION FUNDING,House,No,No,No,No,No,No,[3] HEC/HAFC-HEC
HB218,ATTENDANCE FOR SUCCESS ACT ENFORCEMENT,House,No,No,No,No,No,No,[3] NOT PRNTD-HRC
HB219,ATTENDANCE FOR SUCCESS ACT CHANGES,House,No,No,No,No,No,No,[3] NOT PRNTD-HRC [5] W/DRN-PRNTD-REF- HEC/HJC-HEC
HB220,TIME OF SALE OR TRANSFER FOR DELINQUENT TAXES,House,No,Yes,No,No,No,No,[3] HGEIC/HTRC-HGEIC [4] DP-HTRC
HB221,ARMED FORCES RETIREMENT PAY TAX EXEMPTION,House,No,Yes,No,No,No,No,[3] HLVMC/HTRC-HLVMC [5] DP-HTRC
HB222,VOTER IDENTIFICATION REQUIREMENTS,House,No,No,No,No,No,No,[3] NOT PRNTD-HRC
HB223,LITIGATION FINANCING TRANSPARENCY ACT,House,No,No,No,No,No,No,[3] NOT PRNTD-HRC
HB224,MEDICAL CARE EXPENSES TAX DEDUCTION,House,No,Yes,No,No,No,No,[3] HHHC/HTRC-HHHC [6] DP-HTRC
HB225,EIB & SALE OF ZERO-EMISSION VEHICLES,House,No,No,No,No,No,No,[3] NOT PRNTD-HRC
HB226,NATURAL GAS AS RENEWABLE ENERGY,House,No,No,No,No,No,No,[3] NOT PRNTD-HRC
HB227,CLEAN TRANSPORTATION FUEL REPEALS,House,No,No,No,No,No,No,[3] NOT PRNTD-HRC
HB228,FIREARMS & TRAFFICKING CONTROLLED SUBSTANCES,House,No,No,No,No,No,No,[3] NOT PRNTD-HRC
HB229,TRANSPARENCY IN GOVERNMENT CONTRACTING,House,No,No,No,No,No,No,[3] NOT PRNTD-HRC
HB230,INTERIM ADMIN. RULES OVERSIGHT COMMITTEE,House,No,No,No,No,No,No,[3] NOT PRNTD-HRC
HB231,RULEMAKING INFO TO LEGISLATORS,House,No,No,No,No,No,No,[3] NOT PRNTD-HRC
HB232,GUN STORAGE TAX CREDIT,House,No,No,No,No,No,No,[3] HCPAC/HTRC-HCPAC
HB233,PROTECTION OF WOMEN'S SPORTS ACT,House,No,No,No,No,No,No,[3] NOT PRNTD-HRC
HB234,DEFINITION OF FENTANYL,House,No,Yes,Yes,No,No,No,[3] NOT PRNTD-HRC [6] W/DRN-PRNTD-REF- HJC-HJC [9] DP/A  [10] PASSED/H (65-0) [14] SJC-SJC
HB235,SUDDEN UNEXPECTED YOUNG PERSON DEATH REPORTS,House,No,No,No,No,No,No,[3] NOT PRNTD-HRC
HB236,UNM PATHWAYS STATEWIDE COLLABORATIVE PROGRAM,House,No,No,No,No,No,No,[3] HEC/HAFC-HEC
HB237,SMALL BUSINESS DISASTER RELIEF PROGRAM,House,No,No,No,No,No,No,[3] NOT PRNTD-HRC
HB238,INDEPENDENT THEATER SPONSORSHIP PROGRAM,House,No,No,No,No,No,No,[3] NOT PRNTD-HRC
HB239,TRIBAL INFRASTRUCTURE PROJECT OBLIGATION,House,No,No,No,No,No,No,[3] HTPWC/HAFC-HTPWC
HB240,EDUCATION OPPORTUNITY ACCOUNT ACT,House,No,No,No,No,No,No,[3] NOT PRNTD-HRC
HB241,MEDICAL MALPRACTICE COURT NOTICES,House,No,No,No,No,No,No,[3] NOT PRNTD-HRC
HB242,COST-OF-LIVING ADJUSTMENT FOR RETIREES,House,No,No,No,No,No,No,[3] HLVMC/HAFC-HLVMC
HB243,EQUINE SHELTER FUND & TRUST FUND,House,No,No,No,No,No,No,[3] HAAWC/HAFC-HAAWC
HB244,HOSPITAL PRICE TRANSPARENCY ACT,House,No,No,No,No,No,No,[3] NOT PRNTD-HRC
HB245,DENIAL OF ENROLLMENT TO SCHOOL,House,No,No,No,No,No,No,[3] NOT PRNTD-HRC
HB246,MATCHING FUNDS FOR FLOODPLAIN LAND REHAB,House,No,Yes,No,No,No,No,[3] HENRC/HAFC-HENRC [5] DP-HAFC
HB247,CAPITAL OUTLAY CHANGES,House,No,Yes,Yes,Yes,No,No,[3] HTRC-HTRC [6] DP/A - PASSED/H (48-20) [10] SFC-SFC- DP/A  [16] PASSED/S (40-0) [17] H/CNCRD
*HB248,GENERAL OBLIGATION BONDS,House,Yes,Yes,Yes,Yes,No,No,[3] HTRC-HTRC [9] DNP-CS/DP - PASSED/H (65-0) [14] SFC-SFC- DP  [16] PASSED/S (38-0)
HB249,ELECTRONIC MEDICAL RECORDS TAX CREDIT,House,No,No,No,No,No,No,[3] HHHC/HTRC-HHHC
HB250,TECH & INNOVATION NETWORK ADVISORY BOARD,House,No,Yes,No,No,No,No,[3] NOT PRNTD-HRC [6] W/DRN-PRNTD-REF- HCEDC/HGEIC-HCEDC [7] DNP-CS/DP-HGEIC
HB251,NEW HOMES DEVELOPMENT PROGRAM,House,No,No,No,No,No,No,[3] NOT PRNTD-HRC [5] W/DRN-PRNTD-REF- HCEDC/HAFC-HCEDC
HB252,TRANSFER ATHLETIC COMMISSION AUTHORITY,House,No,No,No,No,No,No,[3] NOT PRNTD-HRC
*HB253,PUBLIC EDUCATION CHANGES,House,Yes,Yes,Yes,Yes,No,No,[3] HEC/HAFC-HEC [6] DNP-CS/DP-HAFC [9] DP/A - PASSED/H (69-0) [13] SEC-SEC [14] DP  [16] PASSED/S (26-15) [17] M/RCNSR ADPTD- FL/A- PASSED/S (39-0)- H/CNCRD
HB254,AVOIDED GASSES IN PRC COST TEST,House,No,Yes,Yes,No,No,No,[3] HENRC/HGEIC-HENRC [5] DP-HGEIC [8] DP/A  [9] PASSED/H (65-0) [13] SCONC-SCONC
HB255,PUBLIC SAFETY WORKFORCE BUILDING PROGRAM,House,No,Yes,Yes,Yes,No,No,[3] HGEIC/HAFC-HGEIC [5] DP-HAFC [9] DP - PASSED/H (63-0) [14] SFC-SFC- DP  [17] PASSED/S (36-0)
HB256,DEFIBRILLATORS AT SCHOOL ATHLETIC EVENTS,House,No,Yes,Yes,No,No,No,[3] NOT PRNTD-HRC [5] W/DRN-PRNTD-REF- HHHC/HEC-HHHC [6] DP-HEC [8] DP  [9] PASSED/H (66-0) [13] SHPAC-SHPAC [14] DP
HB257,VAGUS NERVE STIMULATION REIMBURSEMENT,House,No,Yes,No,No,No,No,[3] HHHC/HAFC-HHHC [6] DP-HAFC
HB258,DENTAL HYGIENISTS IN DENTAL HEALTH ACT,House,No,No,No,No,No,No,[3] NOT PRNTD-HRC
HB259,ACTUARIAL REVIEW OF HEALTH LEGISLATION,House,No,Yes,No,No,No,No,[3] HHHC/HAFC-HHHC [6] DP-HAFC
HB260,CRIME OF FALSE STATEMENT TO LEGISLATURE,House,No,No,No,No,No,No,[3] NOT PRNTD-HRC
HB261,SCHOOL ACTIVITY BUSES,House,No,No,No,No,No,No,[3] HEC/HAFC-HEC
HB262,SCHOOL TRANSPORT EMERGENCY FUND USES,House,No,No,No,No,No,No,[3] HEC/HAFC-HEC
HB263,SCHOOL MATH & SCIENCE CHANGES,House,No,No,No,No,No,No,[3] NOT PRNTD-HRC
HB264,VARIOUS INCOME TAX DEDUCTIONS,House,No,No,No,No,No,No,[3] HHHC/HTRC-HHHC [4] W/DRN - REF HTRC-HTRC
HB265,TAXPAYER DIVIDEND INCOME TAX REBATE FUND,House,No,No,No,No,No,No,[3] HTRC/HAFC-HTRC
HB266,PENALTY FOR SEXUAL EXPLOITATION OF CHILDREN,House,No,No,No,No,No,No,[3] NOT PRNTD-HRC
HB267,WILDFIRE UTILITY MITIGATION & LIABILITY ACT,House,No,Yes,No,No,No,No,[3] NOT PRNTD-HRC [6] W/DRN-PRNTD-REF- HENRC/HAFC-HENRC [7] DNP-CS/DP-HAFC
HB268,LAND GRANT & ACEQUIA MUSEUM,House,No,Yes,No,No,No,No,[3] HRDLC/HAFC-HRDLC [5] DP-HAFC
HB269,CHILDCARE PROGRAM USE OF FUNDS,House,No,No,No,No,No,No,[4] NOT PRNTD-HRC
HB270,CONTRIBUTIONS TO APPRENTICE & TRAINING PGMS.,House,No,Yes,Yes,Yes,No,No,[4] NOT PRNTD-HRC [5] W/DRN-PRNTD-REF- HLVMC/HCEDC-HLVMC- REF HLVMC/HTPWC-HLVMC [7] DP-HTPWC- DP  [9] PASSED/H (41-25) [13] STBTC-STBTC [16] DP  [17] PASSED/S (25-13)
HB271,OFFICE OF NATURAL RESOURCES TRUSTEE FUNDING,House,No,Yes,No,No,No,No,[4] HENRC/HAFC-HENRC [5] DP-HAFC
HB272,CRIME OF DEED THEFT,House,No,No,No,No,No,No,[4] NOT PRNTD-HRC
HB273,WOMEN'S SAFETY & PROTECTION ACT,House,No,No,No,No,No,No,[4] NOT PRNTD-HRC
HB274,NONCONFORMING MOBILE HOME PARK LOTS,House,No,No,No,No,No,No,[4] NOT PRNTD-HRC
HB275,GILA REGIONAL CANCER CENTER BONDS,House,No,Yes,No,No,No,No,[4] HTRC/HAFC-HTRC [7] DP/A-HAFC
HB276,NM WINEMAKING INDUSTRY,House,No,Yes,No,No,No,No,[4] HAAWC/HAFC-HAAWC [5] DP-HAFC
HB277,SCOPE OF PRACTICE ADVISORY COMMITTEE,House,No,No,No,No,No,No,[4] HHHC/HJC-HHHC
HB278,TOXICOLOGY REIMBURSEMENT REQUIREMENTS,House,No,No,No,No,No,No,[4] HHHC/HAFC-HHHC
HB279,HEALTHCARE PRIVACY & SAFETY PROTECTIONS,House,No,Yes,No,No,No,No,[4] NOT PRNTD-HRC- W/DRN-PRNTD-REF- HHHC/HJC-HHHC [7] DNP-CS/DP-HJC [9] DP
HB280,YOUTH INTERNSHIP PILOT PROJECT,House,No,Yes,No,No,No,No,[4] HLVMC/HAFC-HLVMC [7] DP-HAFC
HB281,FINANCIAL ASSURANCE FOR SOLAR & WIND,House,No,No,No,No,No,No,[4] NOT PRNTD-HRC
HB282,SCHOOL & JUVENILE PROBATION COOPERATION,House,No,No,No,No,No,No,[4] NOT PRNTD-HRC [7] W/DRN-PRNTD-REF- HJC-HJC
HB283,USE OF CANNABIS IN HEALTH CARE FACILITIES,House,No,No,No,No,No,No,[4] NOT PRNTD-HRC
HB284,CREATE OFFICE OF ENERGY INFO,House,No,No,No,No,No,No,[4] NOT PRNTD-HRC
*HB285,DISABLED VETERAN PROPERTY TAX CHANGES,House,Yes,Yes,Yes,Yes,No,No,[4] NOT PRNTD-HRC [5] W/DRN-PRNTD-REF- HLVMC/HTRC-HLVMC [6] DP/A-HTRC [7] DP - PASSED/H (67-0) [12] STBTC-STBTC- DP  [16] PASSED/S (40-0)
HB286,ELECTRIC VEHICLE WEIGHT ALLOWANCE,House,No,No,No,No,No,No,[4] NOT PRNTD-HRC
HB287,PERMANENT HEALTH & HUMAN SERVICES COMMITTEE,House,No,Yes,Yes,No,No,No,[4] NOT PRNTD-HRC [5] W/DRN-PRNTD-REF- HHHC/HAFC-HHHC [6] DP-HAFC [9] DP/A  [10] PASSED/H (42-23) [14] SRC-SRC [16] DP
HB288,NM HISTORIC WOMEN MARKER PROGRAM,House,No,Yes,No,No,No,No,[4] HRDLC/HAFC-HRDLC [5] DP-HAFC
HB289,SCHOOL TRANSPORTATION FUNDING,House,No,No,No,No,No,No,[4] HEC/HAFC-HEC
HB290,METRO REDEV PROJECT PROPERTY TAX EXEMPTION,House,No,No,No,No,No,No,[4] HCEDC/HTRC-HCEDC
HB291,TAX CHANGES,House,No,Yes,Yes,Yes,No,No,[5] HTRC-HTRC [6] DP/A  [7] PASSED/H (59-8) [12] STBTC-STBTC [16] DP  [17] PASSED/S (36-2)
HB292,NM PRISON RAPE ELIMINATION ACT,House,No,No,No,No,No,No,[3] NOT PRNTD-HRC [7] W/DRN-PRNTD-REF- HJC-HJC [9] DNP-CS/DP
HB293,ECECD INVESTIGATION TEAM,House,No,No,No,No,No,No,[4] NOT PRNTD-HRC
HB294,CANNABIS PRODUCT PACKAGING REGULATIONS,House,No,Yes,No,No,No,No,[4] HCEDC/HJC-HCEDC [6] DNP-CS/DP-HJC
HB295,ACCESSIBILITY ACT,House,No,Yes,Yes,No,No,No,[4] HHHC/HGEIC-HHHC [6] DNP-CS/DP-HGEIC [7] DP  [8] PASSED/H (57-6) [12] SFC-SFC [14] DP/A
HB296,INCREASE WORKING FAMILY TAX CREDIT,House,No,Yes,No,No,No,No,[5] HHHC/HTRC-HHHC [6] DP-HTRC
HB297,UNM PROJECT ECHO,House,No,No,No,No,No,No,[5] HEC/HAFC-HEC
HB298,RAIL INFRASTRUCTURE TAX CREDIT,House,No,Yes,No,No,No,No,[5] HCEDC/HTRC-HCEDC [6] DP/A-HTRC
HB299,HIGHWAY 180 ROAD PROJECT,House,No,Yes,No,No,No,No,[5] HTPWC/HAFC-HTPWC [12] DP-HAFC
HB300,CARE & MANAGEMENT OF HORSES,House,No,Yes,No,No,No,No,[5] HAAWC/HAFC-HAAWC- DP-HAFC
HB301,JUDICIAL BRANCH INFO TECH PROJECTS,House,No,No,No,No,No,No,[5] NOT PRNTD-HRC
HB302,INSURANCE PRIOR AUTHORIZATION EXEMPTIONS,House,No,No,No,No,No,No,[5] NOT PRNTD-HRC
*HB303,UTILITY CERTIFICATE OF PUBLIC CONVENIENCE,House,Yes,Yes,Yes,No,No,No,[5] NOT PRNTD-HRC [6] W/DRN-PRNTD-REF- HCEDC-HCEDC [9] DP/A  [10] FL/A- PASSED/H (49-16) [14] SJC-SJC
HB304,PAYMENTS FOR CHILD CARE OR PRE-K,House,No,No,No,No,No,No,[5] NOT PRNTD-HRC
HB305,STUDY PUBLICLY OWNED ELECTRIC UTILITY,House,No,No,No,No,No,No,[5] HENRC/HAFC-HENRC
HB306,PROHIBIT CERTAIN HEALTH CARE FACILITY FEES,House,No,Yes,Yes,No,No,No,[5] HCPAC/HHHC-HCPAC [6] DP-HHHC [7] DNP-CS/DP  [9] PASSED/H (69-0) [13] STBTC-STBTC [16] DP
HB307,ADVERTISEMENT FOR CERTAIN LEGAL MONEY AMOUNTS,House,No,No,No,No,No,No,[5] NOT PRNTD-HRC
HB308,SUBSTITUTE CARE ADVISORY COUNCIL CHANGES,House,No,No,No,No,No,No,[5] NOT PRNTD-HRC
HB309,VALUATION OF ENERGY STORAGE PROPERTY,House,No,Yes,Yes,No,No,No,[5] NOT PRNTD-HRC [6] W/DRN-PRNTD-REF- HENRC/HTRC-HENRC- DP-HTRC [9] DP - PASSED/H (52-11) [14] STBTC-STBTC [16] DP
HB310,STUDY LOWRIDER MUSEUM,House,No,Yes,No,No,No,No,[5] HRDLC/HAFC-HRDLC [6] DP-HAFC
HB311,VIRTUAL POWER PLANT ACT,House,No,Yes,No,No,No,No,[5] HENRC/HGEIC-HENRC [6] DP/A-HGEIC
HB312,CHEMICAL CASTRATION FOR SEX OFFENDERS,House,No,No,No,No,No,No,[5] NOT PRNTD-HRC
HB313,CIVIL RELIEF FROM COERCED DEBT ACT,House,No,No,No,No,No,No,[5] NOT PRNTD-HRC
HB314,ZERO-INTEREST LOANS FOR FLOOD DAMAGE,House,No,Yes,No,No,No,No,[5] HGEIC/HAFC-HGEIC [6] DP-HAFC
HB315,FREE-ROAMING HORSE MANAGEMENT,House,No,No,No,No,No,No,[5] HAAWC/HJC-HAAWC
*HB316,RURAL HOSPITAL MALPRACTICE LIABILITY,House,Yes,No,No,No,No,No,[5] NOT PRNTD-HRC
HB317,MOTOR VEHICLE SPECIAL PERMIT REVIEW BOARD,House,No,No,No,No,No,No,[5] NOT PRNTD-HRC
HB318,CAUSE OF ACTION FOR RIGHTS INFRINGEMENT,House,No,No,No,No,No,No,[5] NOT PRNTD-HRC
HB319,SOLID WASTE SURCHARGE,House,No,No,No,No,No,No,[5] NOT PRNTD-HRC
HB320,INDUSTRIAL CARBON REDUCTION ACT,House,No,Yes,No,No,No,No,[5] NOT PRNTD-HRC [6] W/DRN-PRNTD-REF- HENRC/HAFC-HENRC [7] DP-HAFC
HB321,MEDICAL SERVICES & ECONOMIC DEVELOPMENT,House,No,No,No,No,No,No,[5] NOT PRNTD-HRC
HB322,TRANSPORTATION TRUST FUND & PROGRAM FUND,House,No,Yes,No,No,No,No,[5] HTPWC/HTRC-HTPWC [7] DP/A-HTRC
HB323,ACCESS TO AFFORDABLE BROADBAND,House,No,Yes,No,No,No,No,[5] HRDLC/HAFC-HRDLC [7] DP-HAFC
HB324,SCHOOL DISTRICT FIREARM SAFETY TRAINING,House,No,No,No,No,No,No,[5] NOT PRNTD-HRC
HB325,CREATE RAILYARD CROSSING SAFETY FUND,House,No,Yes,No,No,No,No,[5] HTPWC/HAFC-HTPWC [12] DP-HAFC
HB326,PRODUCED WATER FACILITY INSURANCE,House,No,No,No,No,No,No,[5] NOT PRNTD-HRC
HB327,TIME PERIOD FOR PRODUCED WATER WELL DECISIONS,House,No,No,No,No,No,No,[5] NOT PRNTD-HRC
HB328,STATE FUNDS FOR CONCEALED ID LAW ENFORCEMENT,House,No,No,No,No,No,No,[5] NOT PRNTD-HRC
HB329,ENERGY AFFORDABILITY & GRID RELIABILITY,House,No,Yes,No,No,No,No,[5] HENRC/HAFC-HENRC [6] DP-HAFC
HB330,AI ETHICS AS SCHOOL SCIENCE ELECTIVE,House,No,No,No,No,No,No,[5] NOT PRNTD-HRC
HB331,CRIMINAL RECORD EXPUNGEMENT CHANGES,House,No,No,No,No,No,No,[5] NOT PRNTD-HRC
HB332,CAPITAL OUTLAY REAUTHORIZATIONS,House,No,Yes,Yes,Yes,No,No,[5] HTRC-HTRC [10] DNP-CS/DP - PASSED/H (43-20) [14] SFC-SFC [16] DP/A  [17] PASSED/S (24-14)- H/CNCRD
HB333,TORT ACTIONS FOR LIBEL & SLANDER,House,No,No,No,No,No,No,[5] NOT PRNTD-HRC
HB334,COMPETENCY OF CHILDREN,House,No,No,No,No,No,No,[5] NOT PRNTD-HRC
HB335,CONFIDENTIAL STUDENT ATHLETE NIL INFO,House,No,No,No,No,No,No,[5] NOT PRNTD-HRC [12] W/DRN-PRNTD-REF- HEC/HJC-HEC
HB336,USE OF FDA-APPROVED PSILOCYBIN,House,No,No,No,No,No,No,[5] NOT PRNTD-HRC
HB337,CONSIDERATION OF RPS IN GRID MODERNIZATION,House,No,No,No,No,No,No,[5] NOT PRNTD-HRC
HB338,HEALTH PRACTITIONER GRT DEDUCTION SUNSET,House,No,No,No,No,No,No,[5] HHHC/HTRC-HHHC [6] W/O REC-HTRC
HB339,JUVENILE JUSTICE CHANGES,House,No,No,No,No,No,No,[5] NOT PRNTD-HRC
HB340,"PUBLIC PEACE, HEALTH, SAFETY & WELFARE",House,No,No,No,No,No,No,[5] NOT PRNTD-HRC
HB341,"PUBLIC PEACE, HEALTH, SAFETY & WELFARE",House,No,No,No,No,No,No,[5] NOT PRNTD-HRC
HB342,"PUBLIC PEACE, HEALTH, SAFETY & WELFARE",House,No,No,No,No,No,No,[5] NOT PRNTD-HRC
HB343,"PUBLIC PEACE, HEALTH, SAFETY & WELFARE",House,No,No,No,No,No,No,[5] NOT PRNTD-HRC
HB344,"PUBLIC PEACE, HEALTH, SAFETY & WELFARE",House,No,No,No,No,No,No,[5] NOT PRNTD-HRC
HB345,"PUBLIC PEACE, HEALTH, SAFETY & WELFARE",House,No,No,No,No,No,No,[5] NOT PRNTD-HRC
HB346,"PUBLIC PEACE, HEALTH, SAFETY & WELFARE",House,No,No,No,No,No,No,[5] NOT PRNTD-HRC
HB347,"PUBLIC PEACE, HEALTH, SAFETY & WELFARE",House,No,No,No,No,No,No,[5] NOT PRNTD-HRC
HB348,"PUBLIC PEACE, HEALTH, SAFETY & WELFARE",House,No,No,No,No,No,No,[5] NOT PRNTD-HRC
HB349,"PUBLIC PEACE, HEALTH, SAFETY & WELFARE",House,No,No,No,No,No,No,[5] NOT PRNTD-HRC
HB350,"PUBLIC PEACE, HEALTH, SAFETY & WELFARE",House,No,No,No,No,No,No,[5] NOT PRNTD-HRC
HB351,"PUBLIC PEACE, HEALTH, SAFETY & WELFARE",House,No,No,No,No,No,No,[5] NOT PRNTD-HRC
HB352,"PUBLIC PEACE, HEALTH, SAFETY & WELFARE",House,No,No,No,No,No,No,[5] NOT PRNTD-HRC
HB353,"PUBLIC PEACE, HEALTH, SAFETY & WELFARE",House,No,No,No,No,No,No,[5] NOT PRNTD-HRC
HB354,"PUBLIC PEACE, HEALTH, SAFETY & WELFARE",House,No,No,No,No,No,No,[5] NOT PRNTD-HRC
HB355,"PUBLIC PEACE, HEALTH, SAFETY & WELFARE",House,No,No,No,No,No,No,[5] NOT PRNTD-HRC
HB356,"PUBLIC PEACE, HEALTH, SAFETY & WELFARE",House,No,No,No,No,No,No,[5] NOT PRNTD-HRC
HB357,"PUBLIC PEACE, HEALTH, SAFETY & WELFARE",House,No,No,No,No,No,No,[5] NOT PRNTD-HRC
HB358,"PUBLIC PEACE, HEALTH, SAFETY & WELFARE",House,No,No,No,No,No,No,[5] NOT PRNTD-HRC
HB359,"PUBLIC PEACE, HEALTH, SAFETY & WELFARE",House,No,No,No,No,No,No,[5] NOT PRNTD-HRC
HB360,"PUBLIC PEACE, HEALTH, SAFETY & WELFARE",House,No,No,No,No,No,No,[5] NOT PRNTD-HRC
HB361,"PUBLIC PEACE, HEALTH, SAFETY & WELFARE",House,No,No,No,No,No,No,[5] NOT PRNTD-HRC
HB362,"PUBLIC PEACE, HEALTH, SAFETY & WELFARE",House,No,No,No,No,No,No,[5] NOT PRNTD-HRC
HB363,"PUBLIC PEACE, HEALTH, SAFETY & WELFARE",House,No,No,No,No,No,No,[5] NOT PRNTD-HRC
HB364,"PUBLIC PEACE, HEALTH, SAFETY & WELFARE",House,No,No,No,No,No,No,[5] NOT PRNTD-HRC
HB365,"PUBLIC PEACE, HEALTH, SAFETY & WELFARE",House,No,No,No,No,No,No,[5] NOT PRNTD-HRC
HB366,"PUBLIC PEACE, HEALTH, SAFETY & WELFARE",House,No,No,No,No,No,No,[5] NOT PRNTD-HRC
HB367,"PUBLIC PEACE, HEALTH, SAFETY & WELFARE",House,No,No,No,No,No,No,[5] NOT PRNTD-HRC
HB368,"PUBLIC PEACE, HEALTH, SAFETY & WELFARE",House,No,No,No,No,No,No,[5] NOT PRNTD-HRC
HB369,"PUBLIC PEACE, HEALTH, SAFETY & WELFARE",House,No,No,No,No,No,No,[5] NOT PRNTD-HRC
HB370,"PUBLIC PEACE, HEALTH, SAFETY & WELFARE",House,No,No,No,No,No,No,[5] NOT PRNTD-HRC
HB371,"PUBLIC PEACE, HEALTH, SAFETY & WELFARE",House,No,No,Yes,No,No,No,[5] NOT PRNTD-HRC [7] W/DRN - REF HAFC-HAFC [9] DNP-CS/DP - PASSED/H (63-2) [14] SFC-SFC
HB372,"PUBLIC PEACE, HEALTH, SAFETY & WELFARE",House,No,No,No,No,No,No,[5] NOT PRNTD-HRC
HB373,"PUBLIC PEACE, HEALTH, SAFETY & WELFARE",House,No,No,No,No,No,No,[5] NOT PRNTD-HRC
HB374,"PUBLIC PEACE, HEALTH, SAFETY & WELFARE",House,No,No,No,No,No,No,[5] NOT PRNTD-HRC
HB375,"PUBLIC PEACE, HEALTH, SAFETY & WELFARE",House,No,No,No,No,No,No,[5] NOT PRNTD-HRC
HB376,"PUBLIC PEACE, HEALTH, SAFETY & WELFARE",House,No,No,No,No,No,No,[5] NOT PRNTD-HRC
HB377,"PUBLIC PEACE, HEALTH, SAFETY & WELFARE",House,No,No,No,No,No,No,[5] NOT PRNTD-HRC
HB378,"PUBLIC PEACE, HEALTH, SAFETY & WELFARE",House,No,No,No,No,No,No,[5] NOT PRNTD-HRC
SB1,INTERSTATE MEDICAL LICENSURE COMPACT ACT,Senate,No,Yes,Yes,Yes,Yes,No,[1] SCC/SJC-SCC-GERMANE-SJC- DP  [3] PASSED/S (40-0) [2] HHHC-HHHC [4] DP  [5] PASSED/H (64-0) [7] SGND BY GOV (FEB. 5) CH.  3.
SB2,STATE HIGHWAY PROJECT BONDS,Senate,No,Yes,Yes,Yes,Yes,No,[1] SCC/SFC-SCC-GERMANE-SFC- DP/A  [3] PASSED/S (31-9) [2] HTPWC-HTPWC [3] DP - PASSED/H (44-23) [7] SGND BY GOV (FEB. 5) CH.  4.
SB3,COMMITMENT PROCEDURE CHANGES & DEFINITIONS,Senate,No,Yes,Yes,Yes,No,No,[1] SCC/SJC-SCC-GERMANE-SJC- DP/A  [3] PASSED/S (37-3) [2] HJC-HJC [5] DP/A  [6] PASSED/H (58-10) [10] S/PARTIALLY CONCURRED [12] H/RECEDED ON REMAINING AMENDMENTS
SB4,MEDICAL RESIDENT & FELLOW SALARIES,Senate,No,Yes,No,No,No,No,[1] SCC/SHPAC/SFC-SCC-GERMANE-SHPAC [5] DP/A-SFC
SB5,EXPAND CERTAIN PHYSICIAN RESIDENCIES,Senate,No,Yes,No,No,No,No,[1] SCC/SHPAC/SFC-SCC-GERMANE-SHPAC [3] DP-SFC
SB6,NEW SCHOOL OF MEDICINE FACILITY,Senate,No,Yes,No,No,No,No,[1] SCC/SHPAC/SFC-SCC-GERMANE-SHPAC [3] DP-SFC
SB7,INCREASE CLINICIAN FACULTY PAY,Senate,No,Yes,No,No,No,No,[1] SCC/SHPAC/SFC-SCC-GERMANE-SHPAC [5] DP-SFC
SB8,BEHAVIORAL HEALTH TRUST FUND,Senate,No,Yes,No,No,No,No,[1] SCC/SHPAC/SFC-SCC-GERMANE-SHPAC [3] DP-SFC
SB9,MEDICAID TRUST FUND,Senate,No,Yes,No,No,No,No,[1] SCC/SHPAC/SFC-SCC-GERMANE-SHPAC [5] DP-SFC
SB10,HEALTH TRAINING CORPS,Senate,No,No,No,No,No,No,[1] SCC/SHPAC/SFC-SCC
SB11,NURSE LOAN REPAYMENT ACT,Senate,No,No,No,No,No,No,[1] SCC/SHPAC/SFC-SCC
SB12,PHYSICIAN TAX CREDIT,Senate,No,No,No,No,No,No,[1] SCC/STBTC/SFC-SCC-GERMANE-STBTC
SB13,HEALTH CARE GROSS RECEIPTS DEDUCTION,Senate,No,No,No,No,No,No,[1] SCC/STBTC/SFC-SCC-GERMANE-STBTC
SB14,HEALTH PROFESSIONAL ADVISORY COMMITTEE,Senate,No,Yes,Yes,No,No,No,[1] SCC/SHPAC/SFC-SCC [5]GERMANE-SHPAC [8] DNP-CS/DP-SFC [10] DP/A - PASSED/S (35-2) [7] HHHC/HAFC-HHHC [10] DP-HAFC
SB15,HEALTH CARE PROVIDER COVERAGE,Senate,No,No,No,No,No,No,[1] SCC/SHPAC/STBTC-SCC
SB16,HEALTH PROFESSIONAL AUTONOMY ACT,Senate,No,No,No,No,No,No,[1] SCC/SHPAC/SJC-SCC
SB17,STOP ILLEGAL GUN TRADE ACT,Senate,No,Yes,Yes,No,No,No,[1] SCC/SHPAC/SJC-SCC-GERMANE-SHPAC [5] DP-SJC [7] DNP-CS/DP  [8] PASSED/S (21-17) [6] HCEDC/HJC-HCEDC [7] DP-HJC
SB18,CLEAR HORIZONS & EMISSIONS CODIFICATION,Senate,No,Yes,No,No,No,No,[1] SCC/SCONC/STBTC-SCC-GERMANE-SCONC [7] DP/A-STBTC [10] DP - FAILED/S (19-23).
*SB19,SCHOOL FINANCE UNIT VALUE RESET,Senate,Yes,Yes,Yes,Yes,Yes,No,[3] SCC/SEC-SCC-GERMANE-SEC- DP  [5] PASSED/S (36-1) [2] HEC-HEC [3] DP - PASSED/H (65-0) [5] SGND BY GOV (JAN. 31) CH.  2.
SB20,PRIOR AUTHORIZATION & PRESCRIPTION DRUGS,Senate,No,Yes,Yes,Yes,No,No,[3] SCC/SHPAC/STBTC-SCC [5]GERMANE-SHPAC [8] DNP-CS/DP-STBTC [10] DNP-CS/DP  [12] PASSED/S (36-1) [7] HHHC-HHHC [10] DP  [17] PASSED/H (43-6)
SB21,MEDICARE SUPPLEMENT OPEN ENROLLMENT,Senate,No,Yes,Yes,Yes,No,No,[3] SCC/SHPAC/STBTC-SCC-GERMANE-SHPAC [5] DP/A-STBTC [10] DP/A  [12] PASSED/S (36-0) [7] HHHC-HHHC [10] DP  [12] PASSED/H (41-22)
SB22,MOTOR VEHICLE MANUFACTURERS AS DEALERS,Senate,No,No,No,No,No,No,[5] SCC/SCONC/STBTC-SCC [7]GERMANE-SCONC
SB23,EXCEPTIONS TO STUDENT USE OF PHONES,Senate,No,Yes,Yes,No,No,No,[7] SCC/SEC/SJC-SCC-GERMANE-SEC [10] DP-SJC [13] DP/A  [14] FL/A- PASSED/S (32-6) [10] HEC-HEC
SB29,MATH REQUIREMENTS FOR TEACHING LICENSE,Senate,No,Yes,Yes,Yes,No,No,[1] SCC/SEC/SFC-SCC-GERMANE-SEC [3] DP/A-SFC [5] DP - PASSED/S (34-0)- HGEIC/HEC-HGEIC [6] DP-HEC [7] DP/A  [12] PASSED/H (61-0) [16] S/CNCRD
SB30,REPORTING OF INDUCED ABORTIONS,Senate,No,Yes,Yes,Yes,No,No,[1] SCC/SHPAC/SJC-SCC [3]GERMANE-SHPAC [5] DP-SJC [8] DP  [10] PASSED/S (24-15) [7] HJC-HJC [9] DP  [10] PASSED/H (39-27)
SB31,U VISA CERTIFICATION ACT,Senate,No,No,No,No,No,No,[1] SCC/SHPAC/SJC-SCC
SB32,PROSECUTION OF HUMAN TRAFFICKING,Senate,No,Yes,No,No,No,No,[1] SCC/SHPAC/SJC-SCC-GERMANE-SHPAC [5] DP-SJC
SB33,RIGHT TO TRY INDIVIDUALIZED TREATMENTS ACT,Senate,No,Yes,No,No,No,No,[1] SCC/SHPAC/SJC-SCC [5]GERMANE-SHPAC- DP-SJC
SB34,PUBLISH STANDARDS-BASED ASSESSMENT INFO,Senate,No,No,No,No,No,No,[1] SCC/SEC/SHPAC-SCC
*SB35,CREATE ADDITION 1ST DISTRICT JUDGESHIP,Senate,Yes,Yes,Yes,No,No,No,[1] SCC/SJC/SFC-SCC [5]GERMANE-SJC [7] DP-SFC [10] DNP-CS/DP - PASSED/S (37-0) [7] HJC-HJC [9] DP
SB36,QUANTUM FACILITY INFRASTRUCTURE TAX CREDIT,Senate,No,No,No,No,No,No,[1] SCC/STBTC/SFC-SCC-GERMANE-STBTC
SB37,HIGH QUALITY LITERACY INSTRUCTION ACT,Senate,No,Yes,Yes,Yes,No,No,[1] SCC/SEC/SFC-SCC-GERMANE-SEC- DP-SFC [5] DP - PASSED/S (39-0)- HGEIC/HEC-HGEIC [6] DP-HEC [7] DP/A  [17] PASSED/H (64-0)
SB38,FEES ON REGISTERED PET FOOD,Senate,No,Yes,Yes,Yes,No,No,[1] SCC/SCONC/STBTC-SCC-GERMANE-SCONC [3] DP-STBTC [5] DP  [7] PASSED/S (23-15) [6] HCPAC/HJC-HCPAC [8] DP-HJC [12] DP - PASSED/H (53-11)
SB39,MICROGRID OVERSIGHT ACT,Senate,No,No,No,No,No,No,[1] SCC/SCONC/STBTC-SCC
SB40,DRIVER PRIVACY AND SAFETY ACT,Senate,No,Yes,Yes,Yes,No,No,[1] SCC/STBTC/SJC-SCC [3]GERMANE-STBTC [5] DP-SJC [10] DNP-CS/DP  [12] PASSED/S (32-8) [7] HJC-HJC [9] DP  [12] PASSED/H (42-22)
SB41,STATUTE OF LIMITATIONS FOR CERTAIN SEX CRIMES,Senate,No,Yes,Yes,Yes,No,No,[1] SCC/SHPAC/SJC-SCC-GERMANE-SHPAC [5] DP-SJC [10] DNP-CS/DP  [12] FL/A- PASSED/S (40-1) [9] HJC-HJC [12] DP/A  [17] PASSED/H (62-0)
SB42,TAOS PRIMARY HEALTH BUILDING,Senate,No,Yes,No,No,No,No,[1] SCC/SHPAC/SEC-SCC-GERMANE-SHPAC [5] DP-SEC- W/DRN - REF SCC/SHPAC/SFC-SFC
SB43,PAROLE REQUIREMENT CHANGES,Senate,No,Yes,Yes,Yes,No,No,[1] SCC/SHPAC/SJC-SCC [3]GERMANE-SHPAC [6] DP-SJC [8] DP  [10] PASSED/S (36-0) [7] HJC-HJC [9] DP  [12] PASSED/H (62-0)
SB44,NM TECH BOARD MONITORING NETWORK,Senate,No,Yes,No,No,No,No,[1] SCC/SEC/SFC-SCC-GERMANE-SEC [5] DP-SFC
SB45,ACADEMIC LIBRARY MANAGEMENT POLICIES,Senate,No,No,No,No,No,No,[1] SCC/SEC/SJC-SCC
SB46,EXPLORE DIVERSION OF ORGANIC WASTE,Senate,No,Yes,No,No,No,No,[1] SCC/SCONC/SFC-SCC-GERMANE-SCONC [3] DP-SFC
SB47,FOOD RECOVERY & COMPOSTING ACT,Senate,No,No,No,No,No,No,[1] SCC/SCONC/SFC-SCC [5]GERMANE-SCONC
SB48,STATE FAIRGROUNDS DISTRICT BONDS,Senate,No,Yes,Yes,Yes,No,No,[1] SCC/STBTC/SFC-SCC-GERMANE-STBTC [5] DP-SFC- DP  [8] PASSED/S (26-12) [6] HCEDC/HTRC-HCEDC [7] DP-HTRC [9] DP  [17] PASSED/H (42-6)
SB49,SCHOOL-AGE APPROPRIATE FILTERING PROJECT,Senate,No,No,No,No,No,No,[1] SCC/SEC/SFC-SCC
SB50,LAW ENFORCEMENT TRAINING REQUIREMENTS,Senate,No,Yes,Yes,No,No,No,[1] SCC/SHPAC/SJC-SCC [3]GERMANE-SHPAC [6] DP-SJC [8] DP  [10] PASSED/S (35-7) [7] HJC-HJC
SB51,WRONGFUL CONVICTION COMPENSATION ACT,Senate,No,No,No,No,No,No,[1] SCC/SJC/SFC-SCC
SB52,PERA COST-OF-LIVING ADJUSTMENTS,Senate,No,No,No,No,No,No,[1] SCC/SHPAC/SFC-SCC
SB53,COMMUNITY & HEALTH INFO SAFETY & PRIVACY ACT,Senate,No,Yes,No,No,No,No,[1] SCC/SHPAC/SJC-SCC [5]GERMANE-SHPAC [7] DP-SJC
SB54,SCHOOL PERSONNEL REQUIRED TRAININGS,Senate,No,No,No,No,No,No,[1] SCC/SEC/SJC-SCC
SB55,SOLAR MARKET INCOME TAX CREDIT,Senate,No,Yes,Yes,No,No,No,[1] SCC/STBTC/SFC-SCC-GERMANE-STBTC [5] DP-SFC [7] DP - PASSED/S (26-10) [6] HENRC/HTRC-HENRC [7] DP-HTRC
SB56,CREATE CHILD WELFARE AUTHORITY,Senate,No,No,No,No,No,No,[1] SCC/SRC/SFC-SCC
SB57,CONCEALING IDENTITY OF A PEACE OFFICER,Senate,No,No,No,No,No,No,[1] SCC/SJC/SFC-SCC
SB58,EXTEND PROPERTY TAX EXEMPTION PERIOD,Senate,No,Yes,Yes,Yes,No,No,[1] SCC/STBTC/SFC-SCC-GERMANE-STBTC [5] DP-SFC [7] DP/A - PASSED/S (27-8) [6] HCEDC/HTRC-HCEDC- DP-HTRC [8] DP  [10] PASSED/H (66-0)
SB59,LAND GRANT-MERCED & ACEQUIA TRUST,Senate,No,No,No,No,No,No,[1] SCC/SIRC/SFC-SCC
SB60,TAX CHANGES,Senate,No,No,No,No,No,No,[1] SCC/STBTC/SFC-SCC-GERMANE-STBTC
SB61,RURAL LIBRARIES,Senate,No,Yes,No,No,No,No,[1] SCC/SIRC/SFC-SCC-GERMANE-SIRC [5] DP-SFC
SB62,RURAL LIBRARIES ENDOWMENT FUND,Senate,No,Yes,No,No,No,No,[1] SCC/SIRC/SFC-SCC-GERMANE-SIRC [5] DP-SFC
SB63,ANIMAL WELFARE FUND SPAY & NEUTER SUBACCOUNT,Senate,No,No,No,No,No,No,[1] SCC/SCONC/SFC-SCC
SB64,CREATE OFFICE OF SPECIAL EDUCATION,Senate,No,Yes,Yes,Yes,No,No,[1] SCC/SEC/SFC-SCC-GERMANE-SEC [5] DP/A-SFC- DP/A  [7] PASSED/S (38-1) [5] HGEIC/HEC-HGEIC [6] DP-HEC [8] DP  [12] PASSED/H (62-1)
SB65,MANAGEMENT OF PUBLIC SCHOOL LIBRARIES,Senate,No,No,No,No,No,No,[1] SCC/SEC/SJC-SCC
SB66,ABANDONED URANIUM MINE CLEANUP,Senate,No,Yes,No,No,No,No,[1] SCC/SCONC/SFC-SCC-GERMANE-SCONC [5] DP-SFC
SB67,BEST INTERESTS OF THE CHILD STANDARDS,Senate,No,No,No,No,No,No,[1] SCC/SHPAC/SJC-SCC
SB68,ARTIFICIAL INTELLIGENCE  GOVERNMENT USE ACT,Senate,No,No,No,No,No,No,[1] SCC/SHPAC/SJC-SCC
SB69,FRONT AND BACK LICENSE PLATES,Senate,No,No,No,No,No,No,[1] SCC/STBTC/SFC-SCC
SB70,UNIVERSAL BASIC INCOME PILOT PROJECT,Senate,No,No,No,No,No,No,[1] SCC/SHPAC/SFC-SCC
SB71,PERA CHANGES,Senate,No,No,No,No,No,No,[1] SCC/SHPAC/SFC-SCC
SB72,FORMER LEGISLATORS AS LOBBYISTS,Senate,No,No,No,No,No,No,[1] SCC/SRC/SJC-SCC
SB73,DRIVER'S ED REQUIREMENTS,Senate,No,Yes,Yes,Yes,No,No,[1] SCC/SEC/STBTC-SCC [7]GERMANE-SEC [10] DP-STBTC [12] DP - PASSED/S (25-16) [10] HTPWC-HTPWC [12] DP  [17] PASSED/H (45-2)
SB74,COCKFIGHTING PENALTIES,Senate,No,No,No,No,No,No,[1] SCC/SJC/SFC-SCC
SB75,FOSTERING CONNECTIONS PROGRAM ELIGIBILITY,Senate,No,No,No,No,No,No,[1] SCC/SHPAC/SFC-SCC
SB76,EXPAND GAS & SPECIAL FUELS TAXES,Senate,No,Yes,No,No,No,No,[1] SCC/STBTC/SFC-SCC-GERMANE-STBTC [12] DP-SFC [14] DNP-CS/DP
SB77,APPRENTICE & TRAINING PROGRAM CONTRIBUTIONS,Senate,No,Yes,No,No,No,No,[1] SCC/STBTC/SFC-SCC [5]GERMANE-STBTC [7] DP-SFC
SB78,NUCLEAR ENERGY AS RENEWABLE ENERGY,Senate,No,No,No,No,No,No,[1] SCC/SCONC/STBTC-SCC [7]GERMANE-SCONC
SB79,MOSQUITO SURVEILLANCE,Senate,No,Yes,No,No,No,No,[1] SCC/SCONC/SFC-SCC-GERMANE-SCONC [5] DP-SFC [14] DP
SB80,DOMESTIC ABUSE DEFINITIONS,Senate,No,No,No,No,No,No,[1] SCC/SHPAC/SJC-SCC
SB81,PRIMARY CARE CAPITAL FUNDING ACT,Senate,No,Yes,No,No,No,No,[1] SCC/SHPAC/SFC-SCC-GERMANE-SHPAC [5] DP-SFC
SB82,UNLEADED AVIATION FUEL GRANT PROGRAM,Senate,No,No,No,No,No,No,[1] SCC/STBTC/SFC-SCC
SB83,ACCELERATING RESILIENCE INNOVATIONS DRYLANDS,Senate,No,Yes,No,No,No,No,[1] SCC/SEC/SFC-SCC-GERMANE-SEC [5] DP-SFC
SB84,SCHOOL WATER MANAGEMENT PROGRAM,Senate,No,No,No,No,No,No,[1] SCC/SEC/SFC-SCC
SB85,AMEND ABUSE & NEGLECT ACT,Senate,No,No,No,No,No,No,[1] SCC/SHPAC/SJC-SCC
SB86,HARASSMENT BY TELEPHONE,Senate,No,Yes,No,No,No,No,[1] SCC/SHPAC/SJC-SCC [3]GERMANE-SHPAC [7] DP-SJC
*SB87,OPIOID ADDICTION PREVENTION,Senate,Yes,No,No,No,No,No,[1] SCC/SHPAC/SFC-SCC
SB88,FOSTER PARENT TAX CREDIT,Senate,No,No,No,No,No,No,[1] SCC/STBTC/SFC-SCC-GERMANE-STBTC
SB89,TAX HOLIDAY FOR HUNTING & FISHING SUPPLIES,Senate,No,No,No,No,No,No,[1] SCC/STBTC/SFC-SCC-GERMANE-STBTC
SB90,"""CREDIBLE THREAT"" DEFINITION",Senate,No,No,No,No,No,No,[1] SCC/SHPAC/SJC-SCC
SB91,TRAFFIC VIOLATION PENALTIES,Senate,No,No,No,No,No,No,[1] SCC/STBTC/SFC-SCC
SB92,CONSTRUCTION MATERIALS GROSS RECEIPTS,Senate,No,No,No,No,No,No,[1] SCC/STBTC/SFC-SCC-GERMANE-STBTC
SB93,RAIL INFRASTRUCTURE TAX CREDIT,Senate,No,No,No,No,No,No,[1] SCC/STBTC/SFC-SCC-GERMANE-STBTC
SB94,DOMESTIC VIOLENCE OFFENDER TREATMENT PGM.,Senate,No,No,No,No,No,No,[1] SCC/SHPAC/SJC-SCC
SB95,PROHIBIT ANTISEMITIC DISCRIMINATION,Senate,No,No,No,No,No,No,[1] SCC/SHPAC/SJC-SCC
SB96,REGULATED CHILD CARE ZONING REQUIREMENTS,Senate,No,Yes,Yes,Yes,No,No,[1] SCC/SHPAC/STBTC-SCC [5]GERMANE-SHPAC [7] DNP-CS/DP-STBTC [10] DP - FL/A- PASSED/S (25-13) [7] HCEDC-HCEDC [9] DP  [12] PASSED/H (41-23)
SB97,"TECH ""QUALIFIED EXPENDITURE""",Senate,No,No,No,No,No,No,[1] SCC/STBTC/SFC-SCC-GERMANE-STBTC
SB98,EXEMPT JETTY JACK FROM CULTURAL PROPERTY ACT,Senate,No,No,No,No,No,No,[1] SCC/SIRC/SCONC-SCC
SB99,RURAL LIBRARIES ENDOWMENT FUND,Senate,No,Yes,No,No,No,No,[1] SCC/SIRC/SFC-SCC-GERMANE-SIRC [5] DP-SFC
SB100,BURGLARY DEFINITION OF DWELLING,Senate,No,Yes,Yes,Yes,No,No,[1] SCC/SJC/SFC-SCC-GERMANE-SJC [5] DNP-CS/DP-SFC- DP  [7] FL/A- PASSED/S (32-4) [5] HCPAC/HJC-HCPAC [6] DP-HJC [12] DP/A  [17] PASSED/H (48-15)
SB101,HEALTH CARE DELIVERY & ACCESS ACT REPEAL,Senate,No,Yes,Yes,Yes,No,No,[3] SCC/SHPAC/SFC-SCC-GERMANE-SHPAC [5] DP-SFC [7] DP  [8] PASSED/S (31-0) [6] HCPAC/HHHC-HCPAC [8] DP-HHHC [10] DP  [12] PASSED/H (57-0) [16] PASS
SB102,"""SEARCH & RESCUE DOG"" DEFINITION",Senate,No,No,No,No,No,No,[3] SCC/SJC/SFC-SCC
SB103,UNLAWFUL INTERFERENCE WITH AIRCRAFT,Senate,No,No,No,No,No,No,[3] SCC/SJC/SFC-SCC
SB104,REMOVAL OF WILDLIFE COMMISSION MEMBERS,Senate,No,Yes,Yes,Yes,No,No,[3] SCC/SRC/SJC-SCC [5]GERMANE-SRC- DP-SJC [10] DP - PASSED/S (36-0) [7] HENRC-HENRC- DP  [9] PASSED/H (69-0)
SB105,ATTENDANCE FOR SUCCESS & EXCUSED ABSENCES,Senate,No,No,No,No,No,No,[3] SCC/SEC/SHPAC-SCC
SB106,GRADUATE SCHOLARSHIP ACT FUNDING,Senate,No,Yes,No,No,No,No,[3] SCC/SEC/SFC-SCC-GERMANE-SEC [5] DP-SFC
SB107,STATEWIDE OUT-OF-SCHOOL TIME PROGRAMMING,Senate,No,Yes,No,No,No,No,[3] SCC/SEC/SFC-SCC-GERMANE-SEC [5] DP-SFC
*SB108,REGIONAL FARM TO FOOD BANK PROGRAM,Senate,Yes,Yes,No,No,No,No,[3] SCC/SCONC/SFC-SCC-GERMANE-SCONC [5] DP-SFC
SB109,ABANDONED UTILITY TRANSITION COST RECOVERY,Senate,No,No,No,No,No,No,[3] SCC/SCONC/STBTC-SCC
SB110,BOSQUE MANAGEMENT PROJECTS,Senate,No,Yes,No,No,No,No,[3] SCC/SCONC/SFC-SCC-GERMANE-SCONC [5] DP-SFC
SB111,"MOTOR VEHICLE CODE ""PERSONAL INFO""",Senate,No,Yes,Yes,Yes,No,No,[3] SCC/SHPAC/STBTC-SCC [5]GERMANE-SHPAC [8] DP-STBTC [12] DP - PASSED/S (26-16) [10] HTPWC-HTPWC [12] DP  [17] PASSED/H (37-24)
SB112,SEVERANCE TAX FUND INVESTMENT CLASSES,Senate,No,No,No,No,No,No,[3] SCC/STBTC/SFC-SCC
SB113,AGRICULTURAL BIOMASS TAX CREDIT AMOUNTS,Senate,No,No,No,No,No,No,[3] SCC/STBTC/SFC-SCC-GERMANE-STBTC
SB114,INVESTMENT OWNERSHIP OF RESIDENTIAL PROPERTY,Senate,No,No,No,No,No,No,[3] SCC/STBTC/SJC-SCC
SB115,FRANCHISE TERMINATION CHANGES,Senate,No,No,No,No,No,No,[3] SCC/STBTC/SJC-SCC
SB116,UNIFORMED SVC. RETIREMENT PAY TAX EXEMPTION,Senate,No,No,No,No,No,No,[3] SCC/STBTC/SFC-SCC-GERMANE-STBTC
SB117,UNIFORMED SVC. SALARY TAX EXEMPTION,Senate,No,No,No,No,No,No,[3] SCC/STBTC/SFC-SCC-GERMANE-STBTC
SB118,BACK-TO-SCHOOL TAX HOLIDAY PRICE LIMITS,Senate,No,No,No,No,No,No,[3] SCC/STBTC/SFC-SCC-GERMANE-STBTC
SB119,CREATE DEMOLITION FUND,Senate,No,No,No,No,No,No,[3] SCC/SJC/SFC-SCC
SB120,LOCAL JOURNALIST EMPLOYMENT TAX CREDIT,Senate,No,No,No,No,No,No,[3] SCC/STBTC/SFC-SCC-GERMANE-STBTC
SB121,INCREASE TOBACCO PRODUCTS TAX,Senate,No,No,No,No,No,No,[3] SCC/STBTC/SFC-SCC
SB122,PRIVATE DRINKING WATER WELL OWNER SUPPORT,Senate,No,Yes,No,No,No,No,[3] SCC/SCONC/SFC-SCC-GERMANE-SCONC [5] DP-SFC
SB123,DEFIBRILLATORS IN SCHOOLS,Senate,No,Yes,No,No,No,No,[3] SCC/SEC/SFC-SCC-GERMANE-SEC [5] DP-SFC
SB124,HIGHER ED. MAJOR PROJECTS FUND,Senate,No,No,No,No,No,No,[3] SCC/SEC/SFC-SCC
SB125,SCHOOL EMPLOYEE INSURANCE CONTRIBUTIONS,Senate,No,No,No,No,No,No,[3] SCC/SEC/SFC-SCC
SB126,GUARDIAN AD LITEM CAPACITY,Senate,No,No,No,No,No,No,[3] SCC/SHPAC/SJC-SCC
SB127,HOMELESSNESS REDUCTION DIVISION,Senate,No,No,No,No,No,No,[3] SCC/SRC/SFC-SCC
SB128,PUBLIC LAND DISCLOSURE & ACCOUNTABILITY ACT,Senate,No,No,No,No,No,No,[3] SCC/SJC/SFC-SCC
SB129,ADVERSE EMPLOYMENT ACTION & CANNABIS,Senate,No,Yes,No,No,No,No,[3] SCC/SHPAC/SJC-SCC-GERMANE-SHPAC [7] DNP-CS/DP-SJC
SB130,NO COST-SHARING OF CERTAIN DRUGS,Senate,No,No,No,No,No,No,[3] SCC/SHPAC/STBTC-SCC [10]GERMANE-SHPAC [14] STBTC REF W/DRN- SHPAC-  [16] DNP-CS/DP
SB131,RESIDENTIAL APARTMENTS IN COMMERCIAL ZONES,Senate,No,No,No,No,No,No,[3] SCC/SHPAC/SJC-SCC-GERMANE-SHPAC
SB132,DOIT SOFTWARE REPLACEMENT PLAN & FUNDING,Senate,No,Yes,Yes,Yes,No,No,[3] SCC/SRC/SFC-SCC [5]GERMANE-SRC [7] DNP-CS/DP-SFC [10] DP - PASSED/S (38-0) [7] HAFC-HAFC [12] DP  [17] PASSED/H (62-0)
SB133,HEALTH EQUIPMENT GRT DEDUCTION,Senate,No,No,No,No,No,No,[3] SCC/STBTC/SFC-SCC-GERMANE-STBTC
SB134,PERMANENT HEALTH & HUMAN SERVICES COMMITTEE,Senate,No,No,No,No,No,No,[3] SCC/SRC/SFC-SCC
*SB135,REVISE LFC MEMBERSHIP,Senate,Yes,No,No,No,No,No,[3] SCC/SRC/SFC-SCC
SB136,UNLAWFUL USE OF UNMANNED AIRCRAFT,Senate,No,No,No,No,No,No,[3] SCC/SJC/SFC-SCC [5]GERMANE-SJC
SB137,SNAP ELIGIBILITY BASED ON TANF ELIGIBILITY,Senate,No,No,No,No,No,No,[3] SCC/SHPAC/SFC-SCC
SB138,REPEAL RENT CONTROL PROHIBITION,Senate,No,No,No,No,No,No,[3] SCC/SHPAC/SJC-SCC
SB139,COMMISSION ON STATUS OF WOMEN FUNDING,Senate,No,Yes,No,No,No,No,[3] SCC/SHPAC/SFC-SCC-GERMANE-SHPAC [5] DP-SFC
SB140,MEDICAID PERSONAL CARE SVC. REIMBURSEMENT,Senate,No,No,No,No,No,No,[3] SCC/SHPAC/SFC-SCC
SB141,STUDENT ELIGIBILITY FOR EXTRACURRICULARS,Senate,No,No,No,No,No,No,[3] SCC/SEC/SHPAC-SCC
SB142,SEVERANCE BONDS FOR ED. TECHNOLOGY,Senate,No,No,No,No,No,No,[3] SCC/SEC/SFC-SCC
SB143,UPDATE CERTAIN AGRICULTURAL FEES,Senate,No,Yes,Yes,Yes,No,No,[3] SCC/SCONC/SFC-SCC-GERMANE-SCONC [5] DP-SFC [7] DP/A  [8] PASSED/S (37-0) [6] HAFC-HAFC [9] DP  [12] PASSED/H (61-2)
SB144,REPEAL SPECIAL ZONING DISTRICT ACT,Senate,No,No,No,No,No,No,[3] SCC/SHPAC/SJC-SCC
SB145,AUDIT CHANGES,Senate,No,Yes,Yes,No,No,No,[3] SCC/SHPAC/SFC-SCC [5]GERMANE-SHPAC [6] DP-SFC [10] DP/A  [12] PASSED/S (32-2) [8] HJC/HAFC-HJC
SB146,CIVIL RIGHTS ACT CLAIM CHANGES,Senate,No,No,No,No,No,No,[3] SCC/SHPAC/SJC-SCC-GERMANE-SHPAC
SB147,JUVENILE COMMUNITY CORRECTIONS CHANGES,Senate,No,No,No,No,No,No,[3] SCC/SJC/SFC-SCC
SB148,"""MIGUEL TRUJILLO DAY""",Senate,No,No,No,No,No,No,[3] SCC/SRC/SFC-SCC
SB149,PROPERTY TAX CODE DEFINITIONS,Senate,No,No,No,No,No,No,[3] SCC/SJC/STBTC-SCC [10]GERMANE-SJC
SB150,LOCAL NEWS PRINTER TAX CREDIT,Senate,No,Yes,No,No,No,No,[3] SCC/STBTC/SFC-SCC-GERMANE-STBTC [12] DP-SFC
SB151,CORPORATE INCOME TAX CHANGES,Senate,No,Yes,Yes,Yes,No,No,[3] SCC/STBTC/SFC-SCC-GERMANE-STBTC [10] DNP-CS/DP-SFC [12] DNP-CS/DP  [14] FL/A- PASSED/S (24-17) [10] HTRC-HTRC [12] DP/A - PASSED/H (43-19) [17] S/CNCRD
SB152,LOW-INCOME TELECOMM. ASSISTANCE PROGRAM,Senate,No,Yes,Yes,Yes,No,No,[3] SCC/STBTC/SFC-SCC-GERMANE-STBTC [7] DP-SFC [10] DNP-CS/DP  [12] PASSED/S (38-0) [7] HAFC-HAFC [12] DP  [17] PASSED/H (48-14)
SB153,PROCUREMENT CHANGES,Senate,No,No,No,No,No,No,[3] SCC/SJC/STBTC-SCC-GERMANE-SJC
SB154,INSURANCE COVERAGE FOR WILDFIRE & FLOODS,Senate,No,Yes,No,No,No,No,[3] SCC/SCONC/STBTC-SCC [5]GERMANE-SCONC [7] DP-STBTC
SB155,USE OF CERTAIN PROPER NAMES BY STATE,Senate,No,No,No,No,No,No,[3] SCC/SHPAC/SJC-SCC
SB156,SOCIAL SECURITY INCOME TAX CAP,Senate,No,No,No,No,No,No,[3] SCC/STBTC/SFC-SCC-GERMANE-STBTC
SB157,USE OF PORTABLE SOLAR GENERATION DEVICES,Senate,No,No,No,No,No,No,[3] SCC/SJC/STBTC-SCC
SB158,PED MICRO-CREDENTIALING PILOT PROJECT,Senate,No,No,No,No,No,No,[3] SCC/SEC/SFC-SCC
SB159,GRADUATE MEDICAL EDUCATION ENTITY COSTS,Senate,No,No,No,No,No,No,[3] SCC/SEC/SFC-SCC
SB160,INCREASE ALTERATION OF FIREARM CRIME SENTENCE,Senate,No,No,No,No,No,No,[3] SCC/SJC/SFC-SCC [5]GERMANE-SJC
SB161,WILDFIRE MITIGATION & LIABILITY ACT,Senate,No,No,No,No,No,No,[3] SCC/SJC/SFC-SCC [7]GERMANE-SJC
SB162,NONPROFIT AGREEMENTS WITH DEPT. OF DEFENSE,Senate,No,No,No,No,No,No,[3] SCC/SHPAC/SJC-SCC
SB163,RENAME GEOTHERMAL TAX CREDITS,Senate,No,No,No,No,No,No,[3] SCC/STBTC/SFC-SCC [5]GERMANE-STBTC
SB164,TRANSFER AMBULANCE STANDARDS TO DOH,Senate,No,No,No,No,No,No,[3] SCC/SJC/SFC-SCC [5]GERMANE-SJC
SB165,DELINQUENCY ACT CHANGES,Senate,No,Yes,No,No,No,No,[3] SCC/SJC/SFC-SCC [5]GERMANE-SJC [10] DNP-CS/DP-SFC [14] DP
SB166,TRANSFER FROM GENERAL FUND TO OTHER FUNDS,Senate,No,No,No,No,No,No,[3] SCC/STBTC/SFC-SCC [5]GERMANE-STBTC
SB167,CRIME OF DEADLY WEAPON ON SCHOOL PREMISES,Senate,No,No,No,No,No,No,[3] SCC/SJC/SFC-SCC [5]GERMANE-SJC
SB168,ESTANCIA WIND TURBINE BLADE RECYCLING,Senate,No,Yes,No,No,No,No,[3] SCC/SCONC/SFC-SCC [5]GERMANE-SCONC- DP-SFC
SB169,COST-OF-LIVING FOR SOME RETIREES,Senate,No,No,No,No,No,No,[5] SCC/SHPAC/SFC-SCC
SB170,CHILD CARE FACILITY DONATION TAX CREDIT,Senate,No,No,No,No,No,No,[5] SCC/STBTC/SFC-SCC-GERMANE-STBTC
SB171,NORTHERN NM STATE SCHOOL DOCUMENTARY,Senate,No,No,No,No,No,No,[5] SCC/SEC/SFC-SCC-GERMANE-SEC
SB172,TECHNOLOGY READINESS GRT CREDIT,Senate,No,Yes,Yes,No,No,No,[5] SCC/STBTC/SFC-SCC-GERMANE-STBTC [12] DNP-CS/DP-SFC [14] DP  [16] PASSED/S (37-1)
SB173,EXPAND MEDICAL MALPRACTICE INSURANCE TYPES,Senate,No,No,No,No,No,No,[5] SCC/STBTC/SJC-SCC
SB174,GOLD & SILVER SALE GRT DEDUCTION,Senate,No,No,No,No,No,No,[5] SCC/STBTC/SFC-SCC-GERMANE-STBTC
SB175,MEDICAL MALPRACTICE PUNITIVE DAMAGES,Senate,No,No,No,No,No,No,[5] SCC/SHPAC/SJC-SCC
SB176,LIMIT SPACEPORT FEES,Senate,No,No,No,No,No,No,[5] SCC/STBTC/SFC-SCC
SB177,GENERAL FUND TRANSFERS TO OTHER FUNDS,Senate,No,Yes,No,No,No,No,[5] SCC/STBTC/SFC-SCC-GERMANE-STBTC [10] DP/A-SFC
SB178,SCHOOL FINANCE CHANGES,Senate,No,No,No,No,No,No,[5] SCC/SEC/SFC-SCC-GERMANE-SEC
SB179,UNM MEDICAL SPANISH EDUCATION PROGRAM,Senate,No,Yes,No,No,No,No,[5] SCC/SEC/SFC-SCC-GERMANE-SEC- DP-SFC
SB180,DETENTION CENTER STRIP SEARCHES,Senate,No,No,No,No,No,No,[5] SCC/SHPAC/SJC-SCC
SB181,SUPPORT & TRAINING FOR VARIOUS ALERTS,Senate,No,Yes,No,No,No,No,[5] SCC/STBTC/SFC-SCC-GERMANE-STBTC [12] DP/A-SFC
SB182,DYED DIESEL GRT DEDUCTION,Senate,No,No,No,No,No,No,[5] SCC/STBTC/SFC-SCC-GERMANE-STBTC
SB183,STUDY CREATING REGIONAL URGENT CARE,Senate,No,Yes,No,No,No,No,[5] SCC/SHPAC/SFC-SCC-GERMANE-SHPAC [10] DP-SFC
SB184,CHILDREN'S BEHAVIORAL HEALTH DIVISION,Senate,No,No,No,No,No,No,[5] SCC/SRC/SHPAC-SCC
SB185,INCREASE GASOLINE TAX,Senate,No,No,No,No,No,No,[5] SCC/STBTC/SFC-SCC-GERMANE-STBTC
SB186,NO USE OF SNAP FOR SOFT DRINKS & CANDY,Senate,No,No,No,No,No,No,[5] SCC/SHPAC/SFC-SCC
SB187,NMFA WATER PROJECT FUND,Senate,No,Yes,No,No,No,No,[5] SCC/SCONC/SFC-SCC-GERMANE-SCONC [7] DP-SFC
SB188,PAID PARENTAL LEAVE FOR SCHOOL EMPLOYEES,Senate,No,No,No,No,No,No,[5] SCC/SEC/SFC-SCC
SB189,REPRODUCTIVE HEALTH CARE COVERAGE,Senate,No,Yes,No,No,No,No,[5] SCC/STBTC/SFC-SCC-GERMANE-STBTC [10] DNP-CS/DP-SFC
SB190,GILA REGIONAL CANCER CENTER BONDS,Senate,No,Yes,No,No,No,No,[5] SCC/STBTC/SFC-SCC-GERMANE-STBTC [7] DP/A-SFC
SB191,SEIZURE SAFE SCHOOLS ACT,Senate,No,No,No,No,No,No,[5] SCC/SEC/SJC-SCC
SB192,DATA BROKER PRIVACY ACT,Senate,No,No,No,No,No,No,[5] SCC/SJC/SFC-SCC
SB193,ACEQUIA & DITCH INFRASTRUCTURE FUND TRANSFER,Senate,No,Yes,Yes,Yes,No,No,[5] SCC/SCONC/SFC-SCC-GERMANE-SCONC [7] DP-SFC [10] DP - PASSED/S (28-10) [7] HAAWC-HAAWC- DP  [10] PASSED/H (66-0)
SB194,LUNA COLLEGE BASEBALL FIELD,Senate,No,Yes,No,No,No,No,[5] SCC/SEC/SFC-SCC-GERMANE-SEC [7] DP-SFC
SB195,SOIL & WATER DISTRICT TRAINING & OUTREACH,Senate,No,Yes,No,No,No,No,[5] SCC/SCONC/SFC-SCC-GERMANE-SCONC [8] DP-SFC
SB196,LAS VEGAS ANIMAL CARE CENTER PROGRAMS,Senate,No,Yes,No,No,No,No,[5] SCC/SCONC/SFC-SCC-GERMANE-SCONC [8] DP-SFC
SB197,RATON ANIMAL SHELTER SERVICES,Senate,No,Yes,No,No,No,No,[5] SCC/SCONC/SFC-SCC-GERMANE-SCONC [8] DP-SFC
SB198,LAS VEGAS ENDANGERED SPECIES HATCHERY,Senate,No,No,No,No,No,No,[5] SCC/SCONC/SFC-SCC-GERMANE-SCONC
SB199,FUND DISBURSEMENTS FOR EDUCATIONAL RADIO,Senate,No,No,No,No,No,No,[5] SCC/SEC/SFC-SCC
SB200,KANW EDUCATIONAL RADIO STATION,Senate,No,No,No,No,No,No,[5] SCC/SEC/SFC-SCC-GERMANE-SEC
SB201,RURAL LIBRARIES,Senate,No,Yes,No,No,No,No,[5] SCC/SIRC/SFC-SCC-GERMANE-SIRC [10] DP-SFC
*SB202,PHYSICIAN GRADUATE ED. TRUST FUND,Senate,Yes,No,No,No,No,No,[5] SCC/SEC/SFC-SCC
SB203,NORTHERN NM STATE SCHOOL DOCUMENTARY,Senate,No,No,No,No,No,No,[5] SCC/SEC/SFC-SCC-GERMANE-SEC
SB204,FUNDING FOR TERMINATED RESEARCH PROJECTS,Senate,No,Yes,No,No,No,No,[5] SCC/SEC/SFC-SCC-GERMANE-SEC [7] DP-SFC
SB205,TOXICOLOGY REIMBURSEMENT REQUIREMENTS,Senate,No,No,No,No,No,No,[5] SCC/SHPAC/SFC-SCC
SB206,RELINQUISHMENT OF INFANTS AT SAFE HAVEN BOXES,Senate,No,No,No,No,No,No,[5] SCC/SHPAC/SJC-SCC
SB207,FLASHING RED LIGHTS ON RECOVERY & REPAIR CARS,Senate,No,No,No,No,No,No,[5] SCC/SHPAC/STBTC-SCC
SB208,WELCOME CHILD ACT & FUND,Senate,No,No,No,No,No,No,[5] SCC/SHPAC/SFC-SCC
SB209,FINANCIAL ASSURANCE FOR RENEWABLE ENERGY,Senate,No,No,No,No,No,No,[5] SCC/SCONC/SFC-SCC
SB210,NM HIGHLANDS SPORTS FIELDS,Senate,No,Yes,No,No,No,No,[5] SCC/SEC/SFC-SCC [6]GERMANE-SEC [12] DP-SFC
SB211,LAS VEGAS RODRIGUEZ PARK,Senate,No,Yes,No,No,No,No,[5] SCC/SHPAC/SFC-SCC [6]GERMANE-SHPAC [10] DP-SFC
SB212,SKI AREA EQUIPMENT SALE GROSS RECEIPTS,Senate,No,No,No,No,No,No,[5] SCC/STBTC/SFC-SCC [6]GERMANE-STBTC
SB213,"INDEX GAS, WEIGHT & SPECIAL FUELS TAXES",Senate,No,No,No,No,No,No,[5] SCC/STBTC/SFC-SCC [6]GERMANE-STBTC
SB214,PENALTY FOR CERTAIN MISDEMEANORS,Senate,No,No,No,No,No,No,[5] SCC/STBTC/SJC-SCC [7]GERMANE-STBTC
*SB215,LOANED PROGRAM MONEY IN DISASTER FUND,Senate,Yes,No,No,No,No,No,[5] SCC/SCONC/SFC-SCC
SB216,CERTIFICATE FOR NATIVE AMERICAN LANGUAGES,Senate,No,Yes,No,No,No,No,[5] SCC/SIRC/SFC-SCC [6]GERMANE-SIRC [10] DP-SFC
SB217,LIQUOR TAX CHANGES,Senate,No,No,No,No,No,No,[5] SCC/STBTC/SFC-SCC
SB218,LOS ALAMOS EMERGENCY OPERATIONS CENTER,Senate,No,Yes,No,No,No,No,[5] SCC/SHPAC/SFC-SCC [6]GERMANE-SHPAC [8] DP-SFC
*SB219,NATIVE AMERICAN OMBUD ACT,Senate,Yes,No,No,No,No,No,[7] SCC/SIRC/SFC-SCC
SB220,PERSONAL CARE SERVICE MEDICAID REIMBURSEMENT,Senate,No,No,No,No,No,No,[7] SCC/SHPAC/SFC-SCC
SB221,CRIME OF MISAPPROPRIATION OF OIL & GAS EQUIP.,Senate,No,No,No,No,No,No,[7] SCC/SJC/SFC-SCC-GERMANE-SJC
SB222,PHYSICIAN RESIDENCY PROGRAMS,Senate,No,Yes,No,No,No,No,[7] SCC/SHPAC/SFC-SCC-GERMANE-SHPAC [10] DP-SFC
SB223,SURVEILLANCE-BASED PRICE DISCRIMINATION ACT,Senate,No,No,No,No,No,No,[7] SCC/STBTC/SJC-SCC
SB224,INSURANCE FAIR PLAN ACT CHANGES,Senate,No,No,No,No,No,No,[7] SCC/SIRC/STBTC-SCC
SB225,TRIBAL LIAISON PROGRAM,Senate,No,Yes,No,No,No,No,[7] SCC/SIRC/SFC-SCC-GERMANE-SIRC [10] DP-SFC
SB226,URANIUM MINE CLEANUP,Senate,No,Yes,No,No,No,No,[7] SCC/SIRC/SFC-SCC-GERMANE-SIRC [10] DP-SFC
SB227,CRUELTY TO ANIMALS REGISTRY,Senate,No,No,No,No,No,No,[7] SCC/SHPAC/SJC-SCC
SB228,GENERAL APPROPRIATION ACT OF 2026,Senate,No,No,No,No,No,No,[7] SCC/SFC-SCC-GERMANE-SFC
SB229,ALLOW AURICULAR ACUPUNCTURE,Senate,No,No,No,No,No,No,[7] SCC/SHPAC/SJC-SCC
SB230,NM HISTORIC WOMEN MARKER PROGRAM,Senate,No,No,No,No,No,No,[7] SCC/SIRC/SFC-SCC-GERMANE-SIRC
SB231,STUDY COMMUNITY-BASED FOSTER CARE,Senate,No,No,No,No,No,No,[7] SCC/SHPAC/SFC-SCC
SB232,DETERMINE COMPETENCY OF A CHILD,Senate,No,No,No,No,No,No,[7] SCC/SHPAC/SJC-SCC
SB233,HIGH-IMPACT TUTORING FOR SOME STUDENTS,Senate,No,No,No,No,No,No,[7] SCC/SEC/SFC-SCC
SB234,FOSTER CHILD SCHOOL TRANSPORTATION,Senate,No,Yes,No,No,No,No,[7] SCC/SEC/SFC-SCC-GERMANE-SEC [10] DP/A-SFC
SB235,MICROGRID OVERSIGHT ACT,Senate,No,Yes,Yes,No,No,No,[7] SCC/SCONC/STBTC-SCC-GERMANE-SCONC [10] DNP-CS/DP-STBTC [12] DP - PASSED/S (22-20) [10] HJC-HJC
SB236,CYFD ABUSE & NEGLECT CASE TORT CLAIMS,Senate,No,No,No,No,No,No,[7] SCC/SHPAC/SJC-SCC
SB237,CYFD CRITICAL INCIDENT INVESTIGATION TEAM,Senate,No,No,No,No,No,No,[7] SCC/SRC/SFC-SCC
SB238,RENAME GOVERNOR'S RESIDENCE ADVISORY COMM.,Senate,No,Yes,No,No,No,No,[7] SCC/SRC/SIRC-SCC-GERMANE-SRC [10] DNP-CS/DP-SIRC
SB239,CONTROLLED SUBSTANCE CONTINUING SENTENCING,Senate,No,No,No,No,No,No,[7] SCC/SJC/SFC-SCC-GERMANE-SJC
*SB240,CAPITAL OUTLAY PROJECTS,Senate,Yes,Yes,Yes,Yes,No,No,[7] SFC-SFC [14] DNP-CS/DP  [16] FL/A- PASSED/S (37-0) [12] HTRC-HTRC- DP  [17] PASSED/H (49-8)
SB241,CHILD CARE ASSISTANCE PROGRAM ACT,Senate,No,Yes,Yes,Yes,No,No,[7] SCC/SEC/SFC-SCC-GERMANE-SEC- DP-SFC [10] DNP-CS/DP  [12] FL/A- PASSED/S (25-15) [8] HAFC-HAFC [12] DP/A - PASSED/H (37-19) [16] S/CNCRD
SB242,INDIAN FAMILY PROTECTION ACT COMPLIANCE,Senate,No,Yes,No,No,No,No,[7] SCC/SIRC/SFC-SCC-GERMANE-SIRC [10] DP/A-SFC
SB243,NMSU STUDENT ACTIVITIES,Senate,No,Yes,No,No,No,No,[7] SCC/SEC/SFC-SCC-GERMANE-SEC [10] DP-SFC
SB244,UNM STUDENT ATHLETES FUNDING,Senate,No,Yes,No,No,No,No,[7] SCC/SEC/SFC-SCC-GERMANE-SEC [10] DP-SFC
SB245,INDECENT EXPOSURE TO CHILD OUT OF PUBLIC VIEW,Senate,No,No,No,No,No,No,[7] SCC/SJC/SFC-SCC
SB246,MASSAGE THERAPY PRACTICE CHANGES,Senate,No,Yes,Yes,No,No,No,[7] SCC/SHPAC/SJC-SCC-GERMANE-SHPAC [10] DP-SJC [13] DP/A  [16] PASSED/S (22-17) [12] HHHC-HHHC- DP
SB247,NM MEDICAL REVIEW COMMISSION REPORT,Senate,No,No,No,No,No,No,[7] SCC/SHPAC/SJC-SCC
SB248,INDIAN AFFAIRS COMMISSION,Senate,No,Yes,No,No,No,No,[7] SCC/SIRC/SFC-SCC-GERMANE-SIRC [10] DP-SFC
SB249,MISSING & MURDERED INDIGENOUS PEOPLES,Senate,No,Yes,No,No,No,No,[7] SCC/SIRC/SFC-SCC-GERMANE-SIRC [10] DP-SFC
SB250,IGNITION INTERLOCK FOR REVOKED LICENSE,Senate,No,No,No,No,No,No,[7] SCC/STBTC/SJC-SCC
SB251,HORSE RACING PROGRAM TRAINING & OWNERSHIP,Senate,No,Yes,No,No,No,No,[7] SCC/STBTC/SJC-SCC-GERMANE-STBTC [12] DP-SJC
SB252,LIQUOR TAX CHANGES,Senate,No,No,No,No,No,No,[7] SCC/STBTC/SFC-SCC
SB253,PROHIBIT CERTAIN AGENCY RULES,Senate,No,No,No,No,No,No,[7] SCC/SRC/SFC-SCC
SB254,TRUNKED RADIO SUBSCRIBER FEES,Senate,No,Yes,No,No,No,No,[7] SCC/SHPAC/SFC-SCC-GERMANE-SHPAC [10] DP/A-SFC
SB255,FENTANYL TRAFFICKING AS MURDER,Senate,No,No,No,No,No,No,[7] SCC/SJC/SFC-SCC
SB256,UNLAWFUL INTERFERENCE WITH AIRCRAFT,Senate,No,No,No,No,No,No,[7] SCC/SJC/SFC-SCC
SB257,NMED PRIORITIZE HAZARDOUS WASTE,Senate,No,No,No,No,No,No,[7] SCC/SIRC/SCONC-SCC [12]GERMANE-SIRC
SB258,FISCAL IMPACT REPORTS FOR RULES,Senate,No,No,No,No,No,No,[7] SCC/SRC/SFC-SCC
SB259,CREATE NEW THREATS AGAINST LAW ENFORCEMENT,Senate,No,No,No,No,No,No,[7] SCC/SJC/SFC-SCC
SB260,WORKFORCE EDUCATION TAX CREDIT,Senate,No,No,No,No,No,No,[7] SCC/STBTC/SFC-SCC-GERMANE-STBTC
SB261,"PUBLIC PEACE, HEALTH, SAFETY & WELFARE",Senate,No,Yes,Yes,No,No,No,[7] NOT PRNTD-SJC [10] W/DRN - REF SCC/SRC/SJC-SCC-GERMANE-SRC- DNP-CS/DP-SJC [12] DNP-CS/DP  [14] PASSED/S (23-17) [10] HGEIC-HGEIC
SB262,"PUBLIC PEACE, HEALTH, SAFETY & WELFARE",Senate,No,No,No,No,No,No,[7] NOT PRNTD-SJC
SB263,"PUBLIC PEACE, HEALTH, SAFETY & WELFARE",Senate,No,No,No,No,No,No,[7] NOT PRNTD-SJC
SB264,"PUBLIC PEACE, HEALTH, SAFETY & WELFARE",Senate,No,Yes,Yes,Yes,No,No,[7] NOT PRNTD-SRC [10] W/DRN - REF SCC/SRC/SJC-SCC-GERMANE-SRC- DNP-CS/DP-SJC [12] DP  [13] PASSED/S (26-16) [10] HJC-HJC [12] DP - PASSED/H (41-26)
SB265,"PUBLIC PEACE, HEALTH, SAFETY & WELFARE",Senate,No,No,No,No,No,No,[7] NOT PRNTD-SRC
SB266,"PUBLIC PEACE, HEALTH, SAFETY & WELFARE",Senate,No,No,No,No,No,No,[7] NOT PRNTD-SRC
SB267,"PUBLIC PEACE, HEALTH, SAFETY & WELFARE",Senate,No,No,No,No,No,No,[7] NOT PRNTD-STBTC
SB268,"PUBLIC PEACE, HEALTH, SAFETY & WELFARE",Senate,No,No,No,No,No,No,[7] NOT PRNTD-STBTC
SB269,"PUBLIC PEACE, HEALTH, SAFETY & WELFARE",Senate,No,No,No,No,No,No,[7] NOT PRNTD-STBTC
SB270,"PUBLIC PEACE, HEALTH, SAFETY & WELFARE",Senate,No,No,No,No,No,No,[7] NOT PRNTD-SHPAC [12] W/DRN - SCC/SJC-SCC
SB271,"PUBLIC PEACE, HEALTH, SAFETY & WELFARE",Senate,No,No,No,No,No,No,[7] NOT PRNTD-SHPAC [12] W/DRN - SCC/STBTC-SCC
SB272,"PUBLIC PEACE, HEALTH, SAFETY & WELFARE",Senate,No,No,No,No,No,No,[7] NOT PRNTD-SHPAC
SB273,"PUBLIC PEACE, HEALTH, SAFETY & WELFARE",Senate,No,Yes,Yes,Yes,No,No,[7] NOT PRNTD-SFC [10] W/DRN - REF SCC/SFC-SCC-GERMANE-SFC [14] DNP-CS/DP  [16] PASSED/S (36-0) [12] HAFC-HAFC [17] DP/A - PASSED/H (56-8)
SB274,"PUBLIC PEACE, HEALTH, SAFETY & WELFARE",Senate,No,No,Yes,No,No,No,[7] NOT PRNTD-SFC [14] W/DRN - REF SCC/SFC-SCC-GERMANE-SFC- DNP-CS/DP  [16] PASSED/S (37-0) [12] HAFC-HAFC
SB275,"PUBLIC PEACE, HEALTH, SAFETY & WELFARE",Senate,No,No,No,No,No,No,[7] NOT PRNTD-SFC
SB276,"PUBLIC PEACE, HEALTH, SAFETY & WELFARE",Senate,No,No,No,No,No,No,[7] NOT PRNTD-SFC
SB277,"PUBLIC PEACE, HEALTH, SAFETY & WELFARE",Senate,No,No,No,No,No,No,[7] NOT PRNTD-SHPAC
SB278,"PUBLIC PEACE, HEALTH, SAFETY & WELFARE",Senate,No,No,No,No,No,No,[7] NOT PRNTD-STBTC [10] W/DRN - REF SCC/STBTC-SCC
SB279,"PUBLIC PEACE, HEALTH, SAFETY & WELFARE",Senate,No,No,No,No,No,No,[7] NOT PRNTD-SIRC
SB280,"PUBLIC PEACE, HEALTH, SAFETY & WELFARE",Senate,No,No,No,No,No,No,[7] NOT PRNTD-SIRC [12] W/DRN - REF SCC/STBTC-SCC [14]GERMANE-STBTC
SB281,"PUBLIC PEACE, HEALTH, SAFETY & WELFARE",Senate,No,No,No,No,No,No,[7] NOT PRNTD-SIRC
SB282,"PUBLIC PEACE, HEALTH, SAFETY & WELFARE",Senate,No,No,No,No,No,No,[7] NOT PRNTD-SJC
SB283,"PUBLIC PEACE, HEALTH, SAFETY & WELFARE",Senate,No,No,No,No,No,No,[7] NOT PRNTD-STBTC [10] W/DRN - REF SCC/STBTC-SCC-GERMANE-STBTC [12] DNP-CS/DP
SB284,"PUBLIC PEACE, HEALTH, SAFETY & WELFARE",Senate,No,No,No,No,No,No,[7] NOT PRNTD-SFC
SB285,"PUBLIC PEACE, HEALTH, SAFETY & WELFARE",Senate,No,No,No,No,No,No,[7] NOT PRNTD-SEC
SB286,"PUBLIC PEACE, HEALTH, SAFETY & WELFARE",Senate,No,No,No,No,No,No,[7] NOT PRNTD-SEC
SB287,"PUBLIC PEACE, HEALTH, SAFETY & WELFARE",Senate,No,No,No,No,No,No,[7] NOT PRNTD-SEC
SB288,"PUBLIC PEACE, HEALTH, SAFETY & WELFARE",Senate,No,No,No,No,No,No,[7] NOT PRNTD-SCONC
SB289,"PUBLIC PEACE, HEALTH, SAFETY & WELFARE",Senate,No,No,No,No,No,No,[7] NOT PRNTD-SCONC
SB290,"PUBLIC PEACE, HEALTH, SAFETY & WELFARE",Senate,No,No,No,No,No,No,[7] NOT PRNTD-SCONC
SB291,"PUBLIC PEACE, HEALTH, SAFETY & WELFARE",Senate,No,No,No,No,No,No,[7] NOT PRNTD-SEC
SB292,"PUBLIC PEACE, HEALTH, SAFETY & WELFARE",Senate,No,No,No,No,No,No,[7] NOT PRNTD-SCONC
SB293,"PUBLIC PEACE, HEALTH, SAFETY & WELFARE",Senate,No,No,No,No,No,No,[7] NOT PRNTD-STBTC
SB294,"PUBLIC PEACE, HEALTH, SAFETY & WELFARE",Senate,No,No,No,No,No,No,[7] NOT PRNTD-STBTC
SB295,"PUBLIC PEACE, HEALTH, SAFETY & WELFARE",Senate,No,No,No,No,No,No,[7] NOT PRNTD-SJC
SB296,"PUBLIC PEACE, HEALTH, SAFETY & WELFARE",Senate,No,No,No,No,No,No,[7] NOT PRNTD-SCONC
SB297,"PUBLIC PEACE, HEALTH, SAFETY & WELFARE",Senate,No,No,No,No,No,No,[7] NOT PRNTD-STBTC
SB298,"PUBLIC PEACE, HEALTH, SAFETY & WELFARE",Senate,No,No,No,No,No,No,[7] NOT PRNTD-SCONC
SB299,"PUBLIC PEACE, HEALTH, SAFETY & WELFARE",Senate,No,No,No,No,No,No,[7] NOT PRNTD-SFC
SB300,CYFD COMPUTER HARDWARE & SOFTWARE,Senate,No,Yes,No,No,No,No,[7] SCC/SHPAC/SFC-SCC- SCC/SHPAC/SFC-SCC-GERMANE-SHPAC [10] DP-SFC
SB301,FOSTER PARENT CARING FOR INDIAN CHILD SUPPORT,Senate,No,Yes,No,No,No,No,[7] SCC/SHPAC/SFC-SCC-GERMANE-SHPAC [10] DP/A-SFC
SB302,CHILDREN'S CODE PROCEEDING FILING FEES,Senate,No,No,No,No,No,No,[7] SCC/SJC/SFC-SCC
SB303,USE OF FUNDS FOR CONCEALED ID LAW ENFORCEMENT,Senate,No,No,No,No,No,No,[5] SCC/SHPAC/SJC-SCC
SB304,NM NEXT GENERATION ACT & FUNDS,Senate,No,No,No,No,No,No,[5] SCC/STBTC/SFC-SCC
SB305,JUVENILE CORRECTIONS FUND USES,Senate,No,No,No,No,No,No,[7] SCC/SJC/SFC-SCC
SB306,HIGHER ED REGIONAL DISTINCTION,Senate,No,Yes,Yes,No,No,No,[7] SCC/SEC-SCC [10]GERMANE-SEC [12] DP - PASSED/S (42-0) [10] HEC-HEC
SB307,HIGHER ED REGENT DECISIONS ABOUT TENURE,Senate,No,No,No,No,No,No,[7] SCC/SRC/SEC-SCC
SB308,UTILITY & ENERGY CHANGES,Senate,No,No,No,No,No,No,[7] SCC/STBTC/SFC-SCC
SB309,LOTTERY DEPOSITS INTO TUITION FUND,Senate,No,Yes,No,No,No,No,[7] SCC/SHPAC/SFC-SCC [10]GERMANE-SHPAC- DP-SFC [14] DP
SB310,MORA WATER & SEWAGE IMPROVEMENTS,Senate,No,Yes,No,No,No,No,[7] SCC/SCONC/SFC-SCC-GERMANE-SCONC [10] DP-SFC
SB311,CRIMES AGAINST SCHOOL EMPLOYEES,Senate,No,No,No,No,No,No,[7] SCC/SJC/SFC-SCC
SB312,SAFETY HELMETS AS NEGLIGENCE,Senate,No,No,No,No,No,No,[5] SCC/STBTC/SJC-SCC [10]GERMANE-STBTC
SB313,CHILD CAR SEAT FASTENING AS NEGLIGENCE,Senate,No,No,No,No,No,No,[7] SCC/STBTC/SJC-SCC [10]GERMANE-STBTC
